<?xml version="1.0" encoding="UTF-8"?>

<includes>
	<include name="arial-font">
		<font>
			<name>font10</name>
			<filename>arial.ttf</filename>
			<size>17</size>
		</font>
		<font>
			<name>font12</name>
			<filename>arial.ttf</filename>
			<size>22</size>
		</font>
		<font>
			<name>font13</name>
			<filename>arial.ttf</filename>
			<size>26</size>
		</font>
		<font>
			<name>font_Actor</name>
			<filename>arial.ttf</filename>
			<size>26</size>
			<linespacing>1.4</linespacing>
		</font>
		<font>
			<name>font13_textbox</name>
			<filename>arial.ttf</filename>
			<size>26</size>
			<linespacing>1.27</linespacing>
		</font>
		<font>
			<name>font13_widget</name>
			<filename>arial.ttf</filename>
			<size>26</size>
			<linespacing>1.36</linespacing>
		</font>
		<font>
			<name>font14</name>
			<filename>arial.ttf</filename>
			<size>29</size>
		</font>
		<font>
			<name>font14_textbox</name>
			<filename>arial.ttf</filename>
			<size>29</size>
			<linespacing>1.62</linespacing>
		</font>
		<font>
			<name>font_TextViewer</name>
			<filename>arial.ttf</filename>
			<size>29</size>
			<linespacing>1.65</linespacing>
		</font>
		<font>
			<name>font15</name>
			<filename>arial.ttf</filename>
			<size>31</size>
		</font>
		<font>
			<name>font15_textbox</name>
			<filename>arial.ttf</filename>
			<size>31</size>
			<linespacing>1.60</linespacing>
		</font>
		<font>
			<name>font16</name>
			<filename>arial.ttf</filename>
			<size>34</size>
		</font>
		<font>
			<name>font30</name>
			<filename>rdm-Black.ttf</filename>
			<size>41</size>
		</font>
		<font>
			<name>font36</name>
			<filename>arial.ttf</filename>
			<size>51</size>
		</font>
		<font>
			<name>font12_title</name>
			<filename>arial.ttf</filename>
			<style>uppercase</style>
			<size>26</size>
		</font>
		<font>
			<name>font13_title</name>
			<filename>arial.ttf</filename>
			<style>uppercase</style>
			<size>29</size>
		</font>
		<font>
			<name>font15_title</name>
			<filename>arial.ttf</filename>
			<style>uppercase</style>
			<size>31</size>
		</font>
		<font>
			<name>font35_title</name>
			<filename>arial.ttf</filename>
			<style>uppercase</style>
			<size>48</size>
		</font>
		<font>
			<name>MainMenuFont</name>
			<filename>rdm-Black.ttf</filename>
			<linespacing>0</linespacing>
			<size>51</size>
		</font>
		<font>
			<name>SubMenuFont</name>
			<filename>arial.ttf</filename>
			<linespacing>0</linespacing>
			<size>36</size>
		</font>
		<font>
			<name>BigAssFont</name>
			<filename>arial.ttf</filename>
			<size>580</size>
		</font>
		<font>
			<name>WeatherTempFont</name>
			<filename>arial.ttf</filename>
			<size>110</size>
		</font>
		<include>CommonFonts</include>


	</include>
</includes>




