<?xml version="1.0" encoding="UTF-8"?>

<includes>
	<include name="jaldi-font">
		<font>
			<name>font10</name>
			<filename>Jaldi-Regular.ttf</filename>
			<size>23</size>
		</font>
		<font>
			<name>font12</name>
			<filename>Jaldi-Regular.ttf</filename>
			<size>28</size>
		</font>
		<font>
			<name>font13</name>
			<filename>Jaldi-Regular.ttf</filename>
			<size>32</size>
		</font>
		<font>
			<name>font_Actor</name>
			<filename>Jaldi-Regular.ttf</filename>
			<size>32</size>
			<linespacing>0.78</linespacing>
		</font>
		<font>
			<name>font13_textbox</name>
			<filename>Jaldi-Regular.ttf</filename>
			<size>32</size>
			<linespacing>0.78</linespacing>
		</font>
		<font>
			<name>font13_widget</name>
			<filename>Jaldi-Regular.ttf</filename>
			<size>32</size>
			<linespacing>0.74</linespacing>
		</font>
		<font>
			<name>font14</name>
			<filename>Jaldi-Regular.ttf</filename>
			<size>35</size>
		</font>
		<font>
			<name>font14_textbox</name>
			<filename>Jaldi-Regular.ttf</filename>
			<size>35</size>
			<linespacing>0.92</linespacing>
		</font>
		<font>
			<name>font_TextViewer</name>
			<filename>Jaldi-Regular.ttf</filename>
			<size>35</size>
			<linespacing>1.02</linespacing>
		</font>
		<font>
			<name>font15</name>
			<filename>Jaldi-Regular.ttf</filename>
			<size>37</size>
		</font>
		<font>
			<name>font15_textbox</name>
			<filename>Jaldi-Regular.ttf</filename>
			<size>37</size>
			<linespacing>0.92</linespacing>
		</font>
		<font>
			<name>font16</name>
			<filename>Jaldi-Regular.ttf</filename>
			<size>40</size>
		</font>
		<font>
			<name>font30</name>
			<filename>Jaldi-Regular.ttf</filename>
			<size>47</size>
		</font>
		<font>
			<name>font36</name>
			<filename>Jaldi-Regular.ttf</filename>
			<size>57</size>
		</font>
		<font>
			<name>font12_title</name>
			<filename>Jaldi-Regular.ttf</filename>
			<style>uppercase</style>
			<size>32</size>
		</font>
		<font>
			<name>font13_title</name>
			<filename>Jaldi-Regular.ttf</filename>
			<style>uppercase</style>
			<size>35</size>
		</font>
		<font>
			<name>font15_title</name>
			<filename>Jaldi-Regular.ttf</filename>
			<style>uppercase</style>
			<size>37</size>
		</font>
		<font>
			<name>font35_title</name>
			<filename>Jaldi-Regular.ttf</filename>
			<style>uppercase</style>
			<size>54</size>
		</font>
		<font>
			<name>MainMenuFont</name>
			<filename>Jaldi-Regular.ttf</filename>
			<linespacing>0</linespacing>
			<size>57</size>
		</font>
		<font>
			<name>SubMenuFont</name>
			<filename>Jaldi-Regular.ttf</filename>
			<linespacing>0</linespacing>
			<size>42</size>
		</font>
		<font>
			<name>BigAssFont</name>
			<filename>Jaldi-Regular.ttf</filename>
			<size>600</size>
		</font>
		<font>
			<name>WeatherTempFont</name>
			<filename>Jaldi-Regular.ttf</filename>
			<size>120</size>
		</font>
		<include>CommonFonts</include>
	</include>
</includes>

