<?xml version="1.0" encoding="UTF-8"?>

<includes>
	<include name="weblysleek-font">
		<font>
			<name>font10</name>
			<filename>weblysleekuil.ttf</filename>
			<size>21</size>
		</font>
		<font>
			<name>font12</name>
			<filename>weblysleekuil.ttf</filename>
			<size>26</size>
		</font>
		<font>
			<name>font12plus</name>
			<filename>weblysleekuil.ttf</filename>
			<size>28</size>
		</font>
		<font>
			<name>font13</name>
			<filename>weblysleekuil.ttf</filename>
			<size>30</size>
		</font>
		<font>
			<name>font_Actor</name>
			<filename>weblysleekuil.ttf</filename>
			<size>30</size>
			<linespacing>1.0</linespacing>
		</font>
		<font>
			<name>font13_textbox</name>
			<filename>weblysleekuil.ttf</filename>
			<size>30</size>
			<linespacing>1.0</linespacing>
		</font>
		<font>
			<name>font13_widget</name>
			<filename>weblysleekuil.ttf</filename>
			<size>30</size>
			<linespacing>1.0</linespacing>
		</font>
		<font>
			<name>font14</name>
			<filename>weblysleekuil.ttf</filename>
			<size>33</size>
		</font>
		<font>
			<name>font14_textbox</name>
			<filename>weblysleekuil.ttf</filename>
			<size>33</size>
			<linespacing>1.25</linespacing>
		</font>
		<font>
			<name>font_TextViewer</name>
			<filename>weblysleekuil.ttf</filename>
			<size>33</size>
			<linespacing>1.25</linespacing>
		</font>
		<font>
			<name>font15</name>
			<filename>weblysleekuil.ttf</filename>
			<size>35</size>
		</font>
		<font>
			<name>font15_textbox</name>
			<filename>weblysleekuil.ttf</filename>
			<size>35</size>
			<linespacing>1.25</linespacing>
		</font>
		<font>
			<name>font16</name>
			<filename>weblysleekuil.ttf</filename>
			<size>38</size>
		</font>
		<font>
			<name>font18</name>
			<filename>weblysleekuil.ttf</filename>
			<size>40</size>
		</font>
		<font>
			<name>font30</name>
			<filename>weblysleekuil.ttf</filename>
			<size>45</size>
		</font>
		<font>
			<name>font32</name>
			<filename>weblysleekuil.ttf</filename>
			<size>50</size>
		</font>
		<font>
			<name>font36</name>
			<filename>weblysleekuil.ttf</filename>
			<size>55</size>
		</font>
		<font>
			<name>font48</name>
			<filename>weblysleekuil.ttf</filename>
			<size>60</size>
		</font>
		<font>
			<name>font52</name>
			<filename>weblysleekuil.ttf</filename>
			<size>65</size>
		</font>
		<font>
			<name>font54</name>
			<filename>weblysleekuil.ttf</filename>
			<size>70</size>
		</font>
		<font>
			<name>font60</name>
			<filename>weblysleekuil.ttf</filename>
			<size>80</size>
		</font>
		<font>
			<name>font12_title</name>
			<filename>weblysleekuil.ttf</filename>
			<style>uppercase</style>
			<size>30</size>
		</font>
		<font>
			<name>font13_title</name>
			<filename>weblysleekuil.ttf</filename>
			<style>uppercase</style>
			<size>33</size>
		</font>
		<font>
			<name>font15_title</name>
			<filename>weblysleekuil.ttf</filename>
			<style>uppercase</style>
			<size>35</size>
		</font>
		<font>
			<name>font35_title</name>
			<filename>weblysleekuil.ttf</filename>
			<style>uppercase</style>
			<size>52</size>
		</font>
		<font>
			<name>MainMenuFont</name>
			<filename>weblysleekuil.ttf</filename>
			<linespacing>0</linespacing>
			<size>55</size>
		</font>
		<font>
			<name>SubMenuFont</name>
			<filename>weblysleekuil.ttf</filename>
			<linespacing>0</linespacing>
			<size>40</size>
		</font>
		<font>
			<name>BigAssFont</name>
			<filename>weblysleekuil.ttf</filename>
			<size>600</size>
		</font>
		<font>
			<name>WeatherTempFont</name>
			<filename>weblysleekuil.ttf</filename>
			<size>120</size>
		</font>
		<include>CommonFonts</include>


	</include>
</includes>

