<?xml version="1.0" encoding="utf-8"?>
<window type="buttonmenu" id="111">
    <defaultcontrol always="true">9009</defaultcontrol>
    <onload condition="!Integer.IsGreater(Container(9009).NumItems,0)">close</onload>
    <zorder>15</zorder>
    <controls>
        <include>DimBG</include>
        <control type="group">
            <include>DialogOverlay</include>
            <include>WindowClosingButton</include>
            <control type="group">
                <animation effect="slide" time="0" start="0,0" end="0,510" condition="Integer.IsGreater(Container(9009).NumItems,0)+!Integer.IsGreater(Container(9009).NumItems,1)">conditional</animation>
                <animation effect="slide" time="0" start="0,0" end="0,480" condition="Integer.IsGreater(Container(9009).NumItems,1)+!Integer.IsGreater(Container(9009).NumItems,2)">conditional</animation>
                <animation effect="slide" time="0" start="0,0" end="0,450" condition="Integer.IsGreater(Container(9009).NumItems,2)+!Integer.IsGreater(Container(9009).NumItems,3)">conditional</animation>
                <animation effect="slide" time="0" start="0,0" end="0,420" condition="Integer.IsGreater(Container(9009).NumItems,3)+!Integer.IsGreater(Container(9009).NumItems,4)">conditional</animation>
                <animation effect="slide" time="0" start="0,0" end="0,390" condition="Integer.IsGreater(Container(9009).NumItems,4)+!Integer.IsGreater(Container(9009).NumItems,5)">conditional</animation>
                <animation effect="slide" time="0" start="0,0" end="0,360" condition="Integer.IsGreater(Container(9009).NumItems,5)+!Integer.IsGreater(Container(9009).NumItems,6)">conditional</animation>
                <animation effect="slide" time="0" start="0,0" end="0,330" condition="Integer.IsGreater(Container(9009).NumItems,6)+!Integer.IsGreater(Container(9009).NumItems,7)">conditional</animation>
                <animation effect="slide" time="0" start="0,0" end="0,300" condition="Integer.IsGreater(Container(9009).NumItems,7)+!Integer.IsGreater(Container(9009).NumItems,8)">conditional</animation>
                <animation effect="slide" time="0" start="0,0" end="0,270" condition="Integer.IsGreater(Container(9009).NumItems,8)+!Integer.IsGreater(Container(9009).NumItems,9)">conditional</animation>
                <animation effect="slide" time="0" start="0,0" end="0,240" condition="Integer.IsGreater(Container(9009).NumItems,9)+!Integer.IsGreater(Container(9009).NumItems,10)">conditional</animation>
                <animation effect="slide" time="0" start="0,0" end="0,210" condition="Integer.IsGreater(Container(9009).NumItems,10)+!Integer.IsGreater(Container(9009).NumItems,11)">conditional</animation>
                <animation effect="slide" time="0" start="0,0" end="0,180" condition="Integer.IsGreater(Container(9009).NumItems,11)+!Integer.IsGreater(Container(9009).NumItems,12)">conditional</animation>
                <animation effect="slide" time="0" start="0,0" end="0,150" condition="Integer.IsGreater(Container(9009).NumItems,12)+!Integer.IsGreater(Container(9009).NumItems,13)">conditional</animation>
                <animation effect="slide" time="0" start="0,0" end="0,120" condition="Integer.IsGreater(Container(9009).NumItems,13)+!Integer.IsGreater(Container(9009).NumItems,14)">conditional</animation>
                <control type="group">
                    <include>DialogOpenClose</include>
                    <control type="list" id="9009">
                        <posx>100</posx>
                        <posy>0</posy>
                        <width>760</width>
                        <height>1080</height>
                        <onleft>9009</onleft>
                        <onright>9009</onright>
                        <onup>9009</onup>
                        <ondown>9009</ondown>
                        <itemlayout height="60" width="660">
                            <control type="label">
                                <posx>20</posx>
                                <posy>3</posy>
                                <height>53</height>
                                <width>720</width>
                                <aligny>center</aligny>
                                <font>DialogMatFont</font>
                                <textcolor>NoFocusedColor</textcolor>
                                <label>$INFO[ListItem.Label2]</label>
                            </control>
                            <control type="label">
                                <posx>100</posx>
                                <height>60</height>
                                <width>720</width>
                                <aligny>center</aligny>
                                <font>DialogFont</font>
                                <textcolor>NoFocusedColor</textcolor>
                                <label>$INFO[ListItem.Label]</label>
                            </control>
                        </itemlayout>
                        <focusedlayout height="60" width="660">
                            <control type="group">
                                <include>ButtonWideFocusAnimation</include>
                                <include content="FocusedIndicatorVertical">
                                    <param name="x" value="0"/>
                                    <param name="y" value="0"/>
                                    <param name="height" value="60"/>
                                    <param name="visible" value="true"/>
                                </include>
                                <control type="label">
                                    <posx>20</posx>
                                    <posy>3</posy>
                                    <height>53</height>
                                    <width>720</width>
                                    <aligny>center</aligny>
                                    <font>DialogMatFont</font>
                                    <include>TextColor_MainColor</include>
                                    <label>$INFO[ListItem.Label2]</label>
                                </control>
                                <control type="label">
                                    <posx>100</posx>
                                    <height>60</height>
                                    <width>720</width>
                                    <aligny>center</aligny>
                                    <font>DialogFont</font>
                                    <include>TextColor_MainColor</include>
                                    <label>$INFO[ListItem.Label]</label>
                                </control>
                            </control>
                        </focusedlayout>
                        <content>
                            <item id="8">
                                <visible>System.HasLoginScreen | Integer.IsGreater(System.ProfileCount,1)</visible>
                                <visible>System.Loggedon</visible>
                                <onclick>dialog.close(all,true)</onclick>
                                <onclick>System.LogOff</onclick>
                                <label>$LOCALIZE[20126]</label>
                                <label2></label2>
                            </item>
                            <item id="9">
                                <visible>System.HasLocks + System.IsMaster</visible>
                                <onclick>mastermode</onclick>
                                <label>$LOCALIZE[20046]</label>
                                <label2></label2>
                            </item>
                            <item id="9">
                                <visible>System.HasLocks + !System.IsMaster</visible>
                                <onclick>mastermode</onclick>
                                <label>$LOCALIZE[20045]</label>
                                <label2></label2>
                            </item>
                            <item id="11">
                                <visible>!Skin.HasSetting(QuitMenu_Hide_Quit)</visible>
                                <onclick>dialog.close(all,true)</onclick>
                                <onclick>XBMC.Quit()</onclick>
                                <label>$LOCALIZE[13009]</label>
                                <label2></label2>
                            </item>
                            <item id="12">
                                <visible>!Skin.HasSetting(QuitMenu_Hide_Sleep)</visible>
                                <visible>System.CanSuspend</visible>
                                <onclick>dialog.close(all,true)</onclick>
                                <onclick>XBMC.Suspend()</onclick>
                                <label>$LOCALIZE[13011]</label>
                                <label2></label2>
                            </item>
                            <item id="15">
                                <visible>!Skin.HasSetting(QuitMenu_Hide_Shutdown)</visible>
                                <visible>System.CanPowerDown</visible>
                                <onclick>dialog.close(all,true)</onclick>
                                <onclick>XBMC.Powerdown()</onclick>
                                <label>$LOCALIZE[13005]</label>
                                <label2></label2>
                            </item>
                            <item id="14">
                                <visible>!Skin.HasSetting(QuitMenu_Hide_Reboot)</visible>
                                <visible>System.CanReboot</visible>
                                <onclick>dialog.close(all,true)</onclick>
                                <onclick>XBMC.Reset()</onclick>
                                <label>$LOCALIZE[13013]</label>
                                <label2></label2>
                            </item>
                            <item id="141">
                                <visible>Skin.HasSetting(QuitMenu_Hide_Reboot_Android)</visible>
                                <visible>System.CanReboot</visible>
                                <onclick>dialog.close(all,true)</onclick>
                                <onclick>System.ExecWait("/usr/sbin/rebootfromnand")</onclick>
                                <label>$LOCALIZE[31900]</label>
                                <label2></label2>
                            </item>
                            <item id="16">
                                <onclick>dialog.close(all,true)</onclick>
                                <onclick>ActivateWindow(Settings,return)</onclick>
                                <label>$LOCALIZE[5]</label>
                                <label2></label2>
           
                            </item>
                            <item id="23">
                                <onclick>dialog.close(all,true)</onclick>
                                <onclick>activatewindow(favourites)</onclick>
                                <label>$LOCALIZE[10134]</label>
                                <label2></label2>
                            </item>
                            <item id="17">
                                <visible>!System.HasAlarm(shutdowntimer)</visible>
                                <visible>Skin.HasSetting(QuitMenu_Hide_Timer)</visible>
                                <visible>System.CanPowerDown | System.CanSuspend | System.CanHibernate</visible>
                                <onclick>dialog.close(all,true)</onclick>
                                <onclick>XBMC.AlarmClock(shutdowntimer,XBMC.Shutdown())</onclick>
                                <label>$LOCALIZE[20144]</label>
                                <label2></label2>
                            </item>
                            <item id="18">
                                <visible>Skin.HasSetting(QuitMenu_Hide_Timer)</visible>
                                <visible>System.HasAlarm(shutdowntimer)</visible>
                                <onclick>CancelAlarm(shutdowntimer)</onclick>
                                <label>$LOCALIZE[20151]: $INFO[System.Alarmpos]</label>
                                <label2></label2>
                            </item>
                            <item id="19">
                                <visible>System.HasShutdown +!System.IsInhibit</visible>
                                <onclick>InhibitIdleShutdown(true)</onclick>
                                <label>$LOCALIZE[13017]</label>
                                <label2></label2>
                            </item>
                            <item id="20">
                                <visible>System.HasShutdown + System.IsInhibit</visible>
                                <onclick>InhibitIdleShutdown(false)</onclick>
                                <label>$LOCALIZE[13018]</label>
                                <label2></label2>
                            </item>
                        </content>
                    </control>
                </control>
            </control>
        </control>
    </controls>
</window>
