<?xml version="1.0" encoding="utf-8"?>
<includes>
    <include name="BigList_Layout">
        <itemlayout height="160" width="1920">
            <!--POSTERS-->
            <control type="group">
                <visible>$EXP[ContentIsPoster]</visible>
                <include content="ThumbsImages">
                    <param name="visible" value="true"/>
                    <param name="visibleFrameHighlight" value="false"/>
                    <param name="x" value="70"/>
                    <param name="y" value="10"/>
                    <param name="width" value="99"/>
                    <param name="height" value="150"/>
                    <param name="aspectratio" value="scale"/>
                    <param name="align" value="center"/>
                    <param name="aligny" value="center"/>
                    <param name="flipy" value="false"/>
                    <param name="texture" value="$VAR[Thumbs]"/>
                    <param name="fallback" value="DefaultVideoCover.png"/>
                    <param name="texturediffuse" value="ThumbsUnfocusedColor"/>
                    <param name="borderdiffuse" value="BorderUnfocusedColor"/>
                </include>
                <include content="ProgressBar">
                    <param name="id" value="0"/>
                    <param name="visible" value="Integer.IsGreater(ListItem.PercentPlayed,0)"/>
                    <param name="x" value="175"/>
                    <param name="y" value="10"/>
                    <param name="width" value="149"/>
                    <param name="info" value="ListItem.PercentPlayed"/>
                    <param name="endRotation" value="-90"/>
                    <param name="centerRotation" value="175,10"/>
                    <param name="visiblefocus" value="false"/>
                    <param name="direction" value="vertical"/>
                </include>
                <include content="WatchedRecOverlay">
                    <param name="x" value="112"/>
                    <param name="y" value="12"/>
                    <param name="width" value="50"/>
                    <param name="height" value="50"/>
                    <param name="color" value="Alternate"/>
                </include>
                <control type="label">
                    <posx>239</posx>
                    <posy>35</posy>
                    <height>50</height>
                    <width>1241</width>
                    <font>FacadeListTitleFont</font>
                    <textcolor>NoFocusedColor</textcolor>
                    <label>$VAR[DetailsTitle]</label>
                </control>
                <control type="label">
                    <posx>239</posx>
                    <posy>85</posy>
                    <height>50</height>
                    <width>1241</width>
                    <font>FacadeListSubTitleFont</font>
                    <textcolor>NoFocusedColor</textcolor>
                    <label>$VAR[DetailsRow1]$VAR[DetailsRow2,[COLOR=SeparatorColor] › [/COLOR]]$VAR[DetailsRow3,[COLOR=SeparatorColor] › [/COLOR]]$VAR[DetailsRow4,[COLOR=SeparatorColor] › [/COLOR]]</label>
                </control>
            </control>
            <!--EPISODES-->
            <control type="group">
                <visible>$EXP[ContentIsEpisode]</visible>
                <include content="ThumbsImages">
                    <param name="visible" value="true"/>
                    <param name="visibleFrameHighlight" value="false"/>
                    <param name="x" value="70"/>
                    <param name="y" value="10"/>
                    <param name="width" value="266"/>
                    <param name="height" value="150"/>
                    <param name="aspectratio" value="scale"/>
                    <param name="align" value="center"/>
                    <param name="aligny" value="center"/>
                    <param name="flipy" value="false"/>
                    <param name="texture" value="$VAR[Thumbs]"/>
                    <param name="fallback" value="defaultVideoCoverEpisode.png"/>
                    <param name="texturediffuse" value="ThumbsUnfocusedColor"/>
                    <param name="borderdiffuse" value="BorderUnfocusedColor"/>
                </include>
                <include content="ProgressBar">
                    <param name="id" value="0"/>
                    <param name="visible" value="Integer.IsGreater(ListItem.PercentPlayed,0)"/>
                    <param name="x" value="342"/>
                    <param name="y" value="10"/>
                    <param name="width" value="149"/>
                    <param name="info" value="ListItem.PercentPlayed"/>
                    <param name="endRotation" value="-90"/>
                    <param name="centerRotation" value="342,10"/>
                    <param name="visiblefocus" value="false"/>
                    <param name="direction" value="vertical"/>
                </include>
                <include content="WatchedRecOverlay">
                    <param name="x" value="279"/>
                    <param name="y" value="12"/>
                    <param name="width" value="50"/>
                    <param name="height" value="50"/>
                    <param name="color" value="Alternate"/>
                </include>
                <control type="label">
                    <posx>406</posx>
                    <posy>35</posy>
                    <height>50</height>
                    <width>1074</width>
                    <font>FacadeListTitleFont</font>
                    <textcolor>NoFocusedColor</textcolor>
                    <label>$VAR[DetailsTitle]</label>
                </control>
                <control type="label">
                    <posx>406</posx>
                    <posy>85</posy>
                    <height>50</height>
                    <width>1074</width>
                    <font>FacadeListSubTitleFont</font>
                    <textcolor>NoFocusedColor</textcolor>
                    <label>$VAR[DetailsRow1]$VAR[DetailsRow2,[COLOR=SeparatorColor] › [/COLOR]]$VAR[DetailsRow3,[COLOR=SeparatorColor] › [/COLOR]]$VAR[DetailsRow4,[COLOR=SeparatorColor] › [/COLOR]]</label>
                </control>
            </control>
            <!--SQUARES-->
            <control type="group">
                <visible>$EXP[ContentIsSquare]</visible>
                <include content="ThumbsImages">
                    <param name="visible" value="true"/>
                    <param name="visibleFrameHighlight" value="false"/>
                    <param name="x" value="70"/>
                    <param name="y" value="10"/>
                    <param name="width" value="150"/>
                    <param name="height" value="150"/>
                    <param name="aspectratio" value="scale"/>
                    <param name="align" value="center"/>
                    <param name="aligny" value="top"/>
                    <param name="flipy" value="false"/>
                    <param name="texture" value="$VAR[Thumbs]"/>
                    <param name="fallback" value="DefaultFile.png"/>
                    <param name="texturediffuse" value="ThumbsUnfocusedColor"/>
                    <param name="borderdiffuse" value="BorderUnfocusedColor"/>
                </include>
                <include content="ProgressBar">
                    <param name="id" value="0"/>
                    <param name="visible" value="Integer.IsGreater(ListItem.PercentPlayed,0)"/>
                    <param name="x" value="226"/>
                    <param name="y" value="10"/>
                    <param name="width" value="149"/>
                    <param name="info" value="ListItem.PercentPlayed"/>
                    <param name="endRotation" value="-90"/>
                    <param name="centerRotation" value="226,10"/>
                    <param name="visiblefocus" value="false"/>
                    <param name="direction" value="vertical"/>
                </include>
                <include content="WatchedRecOverlay">
                    <param name="x" value="163"/>
                    <param name="y" value="12"/>
                    <param name="width" value="50"/>
                    <param name="height" value="50"/>
                    <param name="color" value="Alternate"/>
                </include>
                <control type="label">
                    <posx>290</posx>
                    <posy>35</posy>
                    <height>50</height>
                    <width>1560</width>
                    <font>FacadeListTitleFont</font>
                    <textcolor>NoFocusedColor</textcolor>
                    <label>$VAR[DetailsTitle]</label>
                </control>
                <control type="label">
                    <posx>290</posx>
                    <posy>85</posy>
                    <height>50</height>
                    <width>1560</width>
                    <font>FacadeListSubTitleFont</font>
                    <textcolor>NoFocusedColor</textcolor>
                    <label>$VAR[DetailsRow1]$VAR[DetailsRow2,[COLOR=SeparatorColor] › [/COLOR]]$VAR[DetailsRow3,[COLOR=SeparatorColor] › [/COLOR]]$VAR[DetailsRow4,[COLOR=SeparatorColor] › [/COLOR]]</label>
                </control>
            </control>
            <!--CHANNELS-->
            <control type="group">
                <visible>$EXP[ContentIsChannel]</visible>
                <include content="ThumbsImages">
                    <param name="visible" value="true"/>
                    <param name="visibleFrameHighlight" value="false"/>
                    <param name="x" value="70"/>
                    <param name="y" value="10"/>
                    <param name="width" value="200"/>
                    <param name="height" value="150"/>
                    <param name="aspectratio" value="scale"/>
                    <param name="align" value="center"/>
                    <param name="aligny" value="center"/>
                    <param name="flipy" value="false"/>
                    <param name="texture" value="$VAR[ThumbsPvr]"/>
                    <param name="fallback" value="defaultChannel.png"/>
                    <param name="texturediffuse" value="ThumbsUnfocusedColor"/>
                    <param name="borderdiffuse" value="BorderUnfocusedColor"/>
                </include>
                <include content="ProgressBar">
                    <param name="id" value="0"/>
                    <param name="visible" value="Integer.IsGreater(ListItem.Progress,0)"/>
                    <param name="x" value="276"/>
                    <param name="y" value="10"/>
                    <param name="width" value="149"/>
                    <param name="info" value="ListItem.Progress"/>
                    <param name="endRotation" value="-90"/>
                    <param name="centerRotation" value="276,10"/>
                    <param name="visiblefocus" value="false"/>
                    <param name="direction" value="vertical"/>
                </include>
                <include content="ProgressBar">
                    <param name="id" value="0"/>
                    <param name="visible" value="Integer.IsGreater(ListItem.PercentPlayed,0)"/>
                    <param name="x" value="276"/>
                    <param name="y" value="10"/>
                    <param name="width" value="149"/>
                    <param name="info" value="ListItem.PercentPlayed"/>
                    <param name="endRotation" value="-90"/>
                    <param name="centerRotation" value="276,10"/>
                    <param name="visiblefocus" value="false"/>
                    <param name="direction" value="vertical"/>
                </include>
                <include content="WatchedRecOverlay">
                    <param name="x" value="213"/>
                    <param name="y" value="12"/>
                    <param name="width" value="50"/>
                    <param name="height" value="50"/>
                    <param name="color" value="Alternate"/>
                </include>
                <control type="label">
                    <posx>340</posx>
                    <posy>35</posy>
                    <height>50</height>
                    <width>1510</width>
                    <font>FacadeListTitleFont</font>
                    <textcolor>NoFocusedColor</textcolor>
                    <label>$VAR[DetailsTitle]</label>
                </control>
                <control type="label">
                    <posx>340</posx>
                    <posy>85</posy>
                    <height>50</height>
                    <width>1510</width>
                    <font>FacadeListSubTitleFont</font>
                    <textcolor>NoFocusedColor</textcolor>
                    <label>$VAR[DetailsRow1]$VAR[DetailsRow2,[COLOR=SeparatorColor] › [/COLOR]]$VAR[DetailsRow3,[COLOR=SeparatorColor] › [/COLOR]]$VAR[DetailsRow4,[COLOR=SeparatorColor] › [/COLOR]]</label>
                </control>
            </control>
        </itemlayout>
        <focusedlayout height="160" width="1920">
            <control type="group">
                <include>ListFocusAnimation</include>
                <!--POSTERS-->
                <control type="group">
                    <visible>$EXP[ContentIsPoster]</visible>
                    <include content="ThumbsImages">
                        <param name="visible" value="true"/>
                        <param name="visibleFrameHighlight" value="true"/>
                        <param name="x" value="70"/>
                        <param name="y" value="10"/>
                        <param name="width" value="99"/>
                        <param name="height" value="150"/>
                        <param name="aspectratio" value="scale"/>
                        <param name="align" value="center"/>
                        <param name="aligny" value="center"/>
                        <param name="flipy" value="false"/>
                        <param name="texture" value="$VAR[Thumbs]"/>
                        <param name="fallback" value="DefaultVideoCover.png"/>
                        <param name="texturediffuse" value="ThumbsFocusedColor"/>
                        <param name="borderdiffuse" value="$VAR[Picked.HighLight.Color]"/>
                    </include>
                    <include content="ProgressBar">
                        <param name="id" value="0"/>
                        <param name="visible" value="Integer.IsGreater(ListItem.PercentPlayed,0)"/>
                        <param name="x" value="175"/>
                        <param name="y" value="10"/>
                        <param name="width" value="149"/>
                        <param name="info" value="ListItem.PercentPlayed"/>
                        <param name="endRotation" value="-90"/>
                        <param name="centerRotation" value="175,10"/>
                        <param name="visiblefocus" value="true"/>
                        <param name="direction" value="vertical"/>
                    </include>
                    <include content="WatchedRecOverlay">
                        <param name="x" value="112"/>
                        <param name="y" value="12"/>
                        <param name="width" value="50"/>
                        <param name="height" value="50"/>
                        <param name="color" value="Main"/>
                    </include>
                    <include content="FocusedIndicatorVertical">
                        <param name="x" value="219"/>
                        <param name="y" value="35"/>
                        <param name="height" value="57"/>
                        <param name="visible" value="true"/>
                    </include>
                    <control type="label">
                        <posx>239</posx>
                        <posy>35</posy>
                        <height>50</height>
                        <width>1241</width>
                        <font>FacadeListTitleFont</font>
                        <include>TextColor_MainColor</include>
                        <scroll>true</scroll>
                        <label>$VAR[DetailsTitle]</label>
                    </control>
                    <control type="label">
                        <posx>239</posx>
                        <posy>85</posy>
                        <height>50</height>
                        <width>1241</width>
                        <font>FacadeListSubTitleFont</font>
                        <include>TextColor_MainColor</include>
                        <scroll>true</scroll>
                        <label>$VAR[DetailsRow1]$VAR[DetailsRow2,[COLOR=SeparatorColor] › [/COLOR]]$VAR[DetailsRow3,[COLOR=SeparatorColor] › [/COLOR]]$VAR[DetailsRow4,[COLOR=SeparatorColor] › [/COLOR]]</label>
                    </control>
                    <include content="Codecs">
                        <param name="x" value="1550"/>
                        <param name="y" value="5"/>
                        <param name="width" value="240"/>
                    </include>
                </control>
                <!--EPISODES-->
                <control type="group">
                    <visible>$EXP[ContentIsEpisode]</visible>
                    <include content="ThumbsImages">
                        <param name="visible" value="true"/>
                        <param name="visibleFrameHighlight" value="true"/>
                        <param name="x" value="70"/>
                        <param name="y" value="10"/>
                        <param name="width" value="266"/>
                        <param name="height" value="150"/>
                        <param name="aspectratio" value="scale"/>
                        <param name="align" value="center"/>
                        <param name="aligny" value="center"/>
                        <param name="flipy" value="false"/>
                        <param name="texture" value="$VAR[Thumbs]"/>
                        <param name="fallback" value="defaultVideoCoverEpisode.png"/>
                        <param name="texturediffuse" value="ThumbsFocusedColor"/>
                        <param name="borderdiffuse" value="$VAR[Picked.HighLight.Color]"/>
                    </include>
                    <include content="ProgressBar">
                        <param name="id" value="0"/>
                        <param name="visible" value="Integer.IsGreater(ListItem.PercentPlayed,0)"/>
                        <param name="x" value="342"/>
                        <param name="y" value="10"/>
                        <param name="width" value="149"/>
                        <param name="info" value="ListItem.PercentPlayed"/>
                        <param name="endRotation" value="-90"/>
                        <param name="centerRotation" value="342,10"/>
                        <param name="visiblefocus" value="true"/>
                        <param name="direction" value="vertical"/>
                    </include>
                    <include content="WatchedRecOverlay">
                        <param name="x" value="279"/>
                        <param name="y" value="12"/>
                        <param name="width" value="50"/>
                        <param name="height" value="50"/>
                        <param name="color" value="Main"/>
                    </include>
                    <include content="FocusedIndicatorVertical">
                        <param name="x" value="386"/>
                        <param name="y" value="35"/>
                        <param name="height" value="57"/>
                        <param name="visible" value="true"/>
                    </include>
                    <control type="label">
                        <posx>406</posx>
                        <posy>35</posy>
                        <height>50</height>
                        <width>1074</width>
                        <font>FacadeListTitleFont</font>
                        <include>TextColor_MainColor</include>
                        <scroll>true</scroll>
                        <label>$VAR[DetailsTitle]</label>
                    </control>
                    <control type="label">
                        <posx>406</posx>
                        <posy>85</posy>
                        <height>50</height>
                        <width>1074</width>
                        <font>FacadeListSubTitleFont</font>
                        <include>TextColor_MainColor</include>
                        <scroll>true</scroll>
                        <label>$VAR[DetailsRow1]$VAR[DetailsRow2,[COLOR=SeparatorColor] › [/COLOR]]$VAR[DetailsRow3,[COLOR=SeparatorColor] › [/COLOR]]$VAR[DetailsRow4,[COLOR=SeparatorColor] › [/COLOR]]</label>
                    </control>
                    <include content="Codecs">
                        <param name="x" value="1550"/>
                        <param name="y" value="5"/>
                        <param name="width" value="240"/>
                    </include>
                </control>
                <!--SQUARES-->
                <control type="group">
                    <visible>$EXP[ContentIsSquare]</visible>
                    <include content="ThumbsImages">
                        <param name="visible" value="true"/>
                        <param name="visibleFrameHighlight" value="true"/>
                        <param name="x" value="70"/>
                        <param name="y" value="10"/>
                        <param name="width" value="150"/>
                        <param name="height" value="150"/>
                        <param name="aspectratio" value="scale"/>
                        <param name="align" value="center"/>
                        <param name="aligny" value="top"/>
                        <param name="flipy" value="false"/>
                        <param name="texture" value="$VAR[Thumbs]"/>
                        <param name="fallback" value="DefaultFile.png"/>
                        <param name="texturediffuse" value="ThumbsFocusedColor"/>
                        <param name="borderdiffuse" value="$VAR[Picked.HighLight.Color]"/>
                    </include>
                    <include content="ProgressBar">
                        <param name="id" value="0"/>
                        <param name="visible" value="Integer.IsGreater(ListItem.PercentPlayed,0)"/>
                        <param name="x" value="226"/>
                        <param name="y" value="10"/>
                        <param name="width" value="149"/>
                        <param name="info" value="ListItem.PercentPlayed"/>
                        <param name="endRotation" value="-90"/>
                        <param name="centerRotation" value="226,10"/>
                        <param name="visiblefocus" value="true"/>
                        <param name="direction" value="vertical"/>
                    </include>
                    <include content="WatchedRecOverlay">
                        <param name="x" value="163"/>
                        <param name="y" value="12"/>
                        <param name="width" value="50"/>
                        <param name="height" value="50"/>
                        <param name="color" value="Main"/>
                    </include>
                    <include content="FocusedIndicatorVertical">
                        <param name="x" value="270"/>
                        <param name="y" value="35"/>
                        <param name="height" value="57"/>
                        <param name="visible" value="true"/>
                    </include>
                    <control type="label">
                        <posx>290</posx>
                        <posy>35</posy>
                        <height>50</height>
                        <width>1560</width>
                        <font>FacadeListTitleFont</font>
                        <include>TextColor_MainColor</include>
                        <scroll>true</scroll>
                        <label>$VAR[DetailsTitle]</label>
                    </control>
                    <control type="label">
                        <posx>290</posx>
                        <posy>85</posy>
                        <height>50</height>
                        <width>1560</width>
                        <font>FacadeListSubTitleFont</font>
                        <include>TextColor_MainColor</include>
                        <scroll>true</scroll>
                        <label>$VAR[DetailsRow1]$VAR[DetailsRow2,[COLOR=SeparatorColor] › [/COLOR]]$VAR[DetailsRow3,[COLOR=SeparatorColor] › [/COLOR]]$VAR[DetailsRow4,[COLOR=SeparatorColor] › [/COLOR]]</label>
                    </control>
                </control>
                <!--CHANNELS-->
                <control type="group">
                    <visible>$EXP[ContentIsChannel]</visible>
                    <include content="ThumbsImages">
                        <param name="visible" value="true"/>
                        <param name="visibleFrameHighlight" value="true"/>
                        <param name="x" value="70"/>
                        <param name="y" value="10"/>
                        <param name="width" value="200"/>
                        <param name="height" value="150"/>
                        <param name="aspectratio" value="scale"/>
                        <param name="align" value="center"/>
                        <param name="aligny" value="center"/>
                        <param name="flipy" value="false"/>
                        <param name="texture" value="$VAR[ThumbsPvr]"/>
                        <param name="fallback" value="defaultChannel.png"/>
                        <param name="texturediffuse" value="ThumbsFocusedColor"/>
                        <param name="borderdiffuse" value="$VAR[Picked.HighLight.Color]"/>
                    </include>
                    <include content="ProgressBar">
                        <param name="id" value="0"/>
                        <param name="visible" value="Integer.IsGreater(ListItem.Progress,0)"/>
                        <param name="x" value="276"/>
                        <param name="y" value="10"/>
                        <param name="width" value="149"/>
                        <param name="info" value="ListItem.Progress"/>
                        <param name="endRotation" value="-90"/>
                        <param name="centerRotation" value="276,10"/>
                        <param name="visiblefocus" value="true"/>
                        <param name="direction" value="vertical"/>
                    </include>
                    <include content="ProgressBar">
                        <param name="id" value="0"/>
                        <param name="visible" value="Integer.IsGreater(ListItem.PercentPlayed,0)"/>
                        <param name="x" value="276"/>
                        <param name="y" value="10"/>
                        <param name="width" value="149"/>
                        <param name="info" value="ListItem.PercentPlayed"/>
                        <param name="endRotation" value="-90"/>
                        <param name="centerRotation" value="276,10"/>
                        <param name="visiblefocus" value="true"/>
                        <param name="direction" value="vertical"/>
                    </include>
                    <include content="WatchedRecOverlay">
                        <param name="x" value="213"/>
                        <param name="y" value="12"/>
                        <param name="width" value="50"/>
                        <param name="height" value="50"/>
                        <param name="color" value="Main"/>
                    </include>
                    <include content="FocusedIndicatorVertical">
                        <param name="x" value="320"/>
                        <param name="y" value="35"/>
                        <param name="height" value="57"/>
                        <param name="visible" value="true"/>
                    </include>
                    <control type="label">
                        <posx>340</posx>
                        <posy>35</posy>
                        <height>50</height>
                        <width>1510</width>
                        <font>FacadeListTitleFont</font>
                        <include>TextColor_MainColor</include>
                        <scroll>true</scroll>
                        <label>$VAR[DetailsTitle]</label>
                    </control>
                    <control type="label">
                        <posx>340</posx>
                        <posy>85</posy>
                        <height>50</height>
                        <width>1510</width>
                        <font>FacadeListSubTitleFont</font>
                        <include>TextColor_MainColor</include>
                        <scroll>true</scroll>
                        <label>$VAR[DetailsRow1]$VAR[DetailsRow2,[COLOR=SeparatorColor] › [/COLOR]]$VAR[DetailsRow3,[COLOR=SeparatorColor] › [/COLOR]]$VAR[DetailsRow4,[COLOR=SeparatorColor] › [/COLOR]]</label>
                    </control>
                </control>
            </control>
        </focusedlayout>
    </include>
    <include name="View_55_SlimList">
        <control type="group">
            <height>1080</height>
            <visible>Control.IsVisible(55)</visible>
            <include>Facade_Fade</include>
            <control type="list" id="55">
                <viewtype label="31096">Slim List</viewtype>
                <posx>0</posx>
                <posy>0</posy>
                <width>1920</width>
                <height>1080</height>
                <pagecontrol>60</pagecontrol>
                <onleft>9000</onleft>
                <onright>60</onright>
                <onup condition="!Skin.HasSetting(EnableUpNavListViews)">55</onup>
                <onup>505051</onup>
                <ondown>55</ondown>
                <preloaditems>4</preloaditems>
                <include>SlimList_Layout</include>
            </control>
            <control type="scrollbar" id="60">
                <posx>1870</posx>
                <posy>0</posy>
                <height>1080</height>
                <include>VerticalScroller</include>
                <onleft>55</onleft>
                <onright>505051</onright>
            </control>
        </control>
    </include>
    <include name="View_55_SlimList_Custom_Addons">
        <control type="group">
            <visible>Control.IsVisible(50)</visible>
            <include>Facade_Fade</include>
            <control type="group">
                <control type="list" id="50">
                    <viewtype label="537">Big List</viewtype>
                    <posx>0</posx>
                    <posy>0</posy>
                    <width>1920</width>
                    <height>1080</height>
                    <pagecontrol>60</pagecontrol>
                    <onleft>9000</onleft>
                    <onright>60</onright>
                    <onup condition="!Skin.HasSetting(EnableUpNavListViews)">50</onup>
                    <onup>505051</onup>
                    <ondown>50</ondown>
                    <preloaditems>4</preloaditems>
                    <include>SlimList_Layout</include>
                    <content>
                        <item id="2">
                            <visible>!Skin.HasSetting(Addons.Hide)</visible>
                            <label>$LOCALIZE[0]</label>
                            <label2>$INFO[Window(Home).Property(SkinHelper.TotalProgramAddons),, $LOCALIZE[24001]]</label2>
                            <onclick condition="!System.Platform.Android">ActivateWindow(Programs,Addons,return)</onclick>
                            <onclick condition="System.Platform.Android">ActivateWindow(Programs)</onclick>
                        </item>
                        <item id="3">
                            <visible>!Skin.HasSetting(Addons.Hide)</visible>
                            <label>$LOCALIZE[1037]</label>
                            <label2>$INFO[Window(Home).Property(SkinHelper.TotalVideoAddons),, $LOCALIZE[24001]]</label2>
                            <onclick>ActivateWindow(Videos,Addons,return)</onclick>
                        </item>
                        <item id="4">
                            <visible>!Skin.HasSetting(Addons.Hide)</visible>
                            <label>$LOCALIZE[1038]</label>
                            <label2>$INFO[Window(Home).Property(SkinHelper.TotalAudioAddons),, $LOCALIZE[24001]]</label2>
                            <onclick>ActivateWindow(Music,Addons,return)</onclick>
                        </item>
                        <item id="5">
                            <visible>!Skin.HasSetting(Addons.Hide)</visible>
                            <label>$LOCALIZE[1039]</label>
                            <label2>$INFO[Window(Home).Property(SkinHelper.TotalPicturesAddons),, $LOCALIZE[24001]]</label2>
                            <onclick>XBMC.ActivateWindow(Pictures,Addons,return)</onclick>
                        </item>
                        <item id="51">
                            <visible>Skin.HasSetting(plexbmc)</visible>
                            <label>$LOCALIZE[31000]</label>
                            <onclick>ActivateWindow(pictures,"plugin://plugin.video.plexbmc/?url=http://photo&amp;mode=22",return)</onclick>
                        </item>
                        <item id="52">
                            <visible>Skin.HasSetting(plexbmc)</visible>
                            <label>$LOCALIZE[31001]</label>
                            <onclick>ActivateWindow(Videos,"plugin://plugin.video.plexbmc/?url=http://video&amp;mode=22",return)</onclick>
                        </item>
                        <item id="53">
                            <visible>Skin.HasSetting(plexbmc)</visible>
                            <label>$LOCALIZE[31002]</label>
                            <onclick>ActivateWindow(Music,"plugin://plugin.video.plexbmc/?url=http://music&amp;mode=22",return)</onclick>
                        </item>
                        <item id="50">
                            <visible>Skin.HasSetting(plexbmc)</visible>
                            <label>$LOCALIZE[31003]</label>
                            <onclick>ActivateWindow(Videos,"plugin://plugin.video.plexbmc/?mode=22&amp;url=http://online%2fsystem%2fplugins%2fall",return)</onclick>
                        </item>
                        <item id="2">
                            <visible>!Skin.HasSetting(Addons.Hide)</visible>
                            <label>$LOCALIZE[10040]</label>
                            <label2>$INFO[Window(Home).Property(SkinHelper.TotalAddons),, $LOCALIZE[24001]]</label2>
                            <onclick>ActivateWindow(AddonBrowser,root)</onclick>
                        </item>
                    </content>
                </control>
            </control>
            <control type="scrollbar" id="60">
                <posx>1870</posx>
                <posy>0</posy>
                <height>1080</height>
                <include>VerticalScroller</include>
                <onleft>50</onleft>
                <onright>505051</onright>
            </control>
        </control>
    </include>
</includes>
