<?xml version="1.0" encoding="utf-8"?>
<includes>
    <include name="SlimList_Layout">
        <itemlayout height="331" width="1920">
            <!--POSTERS-->
            <control type="group">
                <visible>$EXP[ContentIsPoster]</visible>
                <control type="group">
                    <animation effect="slide" time="0" start="0,0" end="95,0" condition="$EXP[CdArtVideoIsEnabled]">Conditional</animation>
                    <include content="ThumbsImages">
                        <param name="visible" value="true"/>
                        <param name="visibleFrameHighlight" value="false"/>
                        <param name="x" value="70"/>
                        <param name="y" value="10"/>
                        <param name="width" value="212"/>
                        <param name="height" value="321"/>
                        <param name="aspectratio" value="scale"/>
                        <param name="align" value="center"/>
                        <param name="aligny" value="center"/>
                        <param name="flipy" value="false"/>
                        <param name="texture" value="$VAR[Thumbs]"/>
                        <param name="fallback" value="DefaultVideoCover.png"/>
                        <param name="texturediffuse" value="ThumbsUnfocusedColor"/>
                        <param name="borderdiffuse" value="BorderUnfocusedColor"/>
                    </include>
                    <include content="ProgressBar">
                        <param name="id" value="0"/>
                        <param name="visible" value="Integer.IsGreater(ListItem.PercentPlayed,0)"/>
                        <param name="x" value="288"/>
                        <param name="y" value="10"/>
                        <param name="width" value="320"/>
                        <param name="info" value="ListItem.PercentPlayed"/>
                        <param name="endRotation" value="-90"/>
                        <param name="centerRotation" value="288,10"/>
                        <param name="visiblefocus" value="false"/>
                        <param name="direction" value="vertical"/>
                    </include>
                    <include content="WatchedRecOverlay">
                        <param name="x" value="225"/>
                        <param name="y" value="12"/>
                        <param name="width" value="50"/>
                        <param name="height" value="50"/>
                        <param name="color" value="Alternate"/>
                    </include>
                </control>
                <control type="group">
                    <visible>$EXP[CdArtVideoIsEnabled]</visible>
                    <control type="label">
                        <posx>440</posx>
                        <posy>30</posy>
                        <height>50</height>
                        <width>1410</width>
                        <font>FacadeListTitleFont</font>
                        <textcolor>NoFocusedColor</textcolor>
                        <label>$VAR[DetailsTitle]</label>
                    </control>
                    <control type="label">
                        <posx>440</posx>
                        <posy>80</posy>
                        <height>50</height>
                        <width>1410</width>
                        <font>FacadeListSubTitleFont</font>
                        <textcolor>NoFocusedColor</textcolor>
                        <label>$VAR[DetailsRow1]$VAR[DetailsRow2,[COLOR=SeparatorColor] › [/COLOR]]$VAR[DetailsRow3,[COLOR=SeparatorColor] › [/COLOR]]$VAR[DetailsRow4,[COLOR=SeparatorColor] › [/COLOR]]</label>
                    </control>
                </control>
                <control type="group">
                    <visible>$EXP[CdArtVideoIsNotEnabled]</visible>
                    <control type="label">
                        <posx>352</posx>
                        <posy>30</posy>
                        <height>50</height>
                        <width>1498</width>
                        <font>FacadeListTitleFont</font>
                        <textcolor>NoFocusedColor</textcolor>
                        <label>$VAR[DetailsTitle]</label>
                    </control>
                    <control type="label">
                        <posx>352</posx>
                        <posy>80</posy>
                        <height>50</height>
                        <width>1498</width>
                        <font>FacadeListSubTitleFont</font>
                        <textcolor>NoFocusedColor</textcolor>
                        <label>$VAR[DetailsRow1]$VAR[DetailsRow2,[COLOR=SeparatorColor] › [/COLOR]]$VAR[DetailsRow3,[COLOR=SeparatorColor] › [/COLOR]]$VAR[DetailsRow4,[COLOR=SeparatorColor] › [/COLOR]]</label>
                    </control>
                </control>
            </control>
            <!--EPISODES-->
            <control type="group">
                <visible>$EXP[ContentIsEpisode]</visible>
                <control type="group">
                    <include content="ThumbsImages">
                        <param name="visible" value="true"/>
                        <param name="visibleFrameHighlight" value="false"/>
                        <param name="x" value="70"/>
                        <param name="y" value="10"/>
                        <param name="width" value="570"/>
                        <param name="height" value="321"/>
                        <param name="aspectratio" value="scale"/>
                        <param name="align" value="center"/>
                        <param name="aligny" value="center"/>
                        <param name="flipy" value="false"/>
                        <param name="texture" value="$VAR[Thumbs]"/>
                        <param name="fallback" value="defaultVideoCoverEpisode.png"/>
                        <param name="texturediffuse" value="ThumbsUnfocusedColor"/>
                        <param name="borderdiffuse" value="BorderUnfocusedColor"/>
                    </include>
                    <include content="ProgressBar">
                        <param name="id" value="0"/>
                        <param name="visible" value="Integer.IsGreater(ListItem.PercentPlayed,0)"/>
                        <param name="x" value="646"/>
                        <param name="y" value="10"/>
                        <param name="width" value="320"/>
                        <param name="info" value="ListItem.PercentPlayed"/>
                        <param name="endRotation" value="-90"/>
                        <param name="centerRotation" value="646,10"/>
                        <param name="visiblefocus" value="false"/>
                        <param name="direction" value="vertical"/>
                    </include>
                    <include content="WatchedRecOverlay">
                        <param name="x" value="583"/>
                        <param name="y" value="12"/>
                        <param name="width" value="50"/>
                        <param name="height" value="50"/>
                        <param name="color" value="Alternate"/>
                    </include>
                </control>
                <control type="label">
                    <posx>710</posx>
                    <posy>30</posy>
                    <height>50</height>
                    <width>1140</width>
                    <font>FacadeListTitleFont</font>
                    <textcolor>NoFocusedColor</textcolor>
                    <label>$VAR[DetailsTitle]</label>
                </control>
                <control type="label">
                    <posx>710</posx>
                    <posy>80</posy>
                    <height>50</height>
                    <width>1140</width>
                    <font>FacadeListSubTitleFont</font>
                    <textcolor>NoFocusedColor</textcolor>
                    <label>$VAR[DetailsRow1]$VAR[DetailsRow2,[COLOR=SeparatorColor] › [/COLOR]]$VAR[DetailsRow3,[COLOR=SeparatorColor] › [/COLOR]]$VAR[DetailsRow4,[COLOR=SeparatorColor] › [/COLOR]]</label>
                </control>
            </control>
            <!--SQUARES-->
            <control type="group">
                <visible>$EXP[ContentIsSquare]</visible>
                <control type="group">
                    <animation effect="slide" time="0" start="0,0" end="95,0" condition="$EXP[CdArtAudioIsEnabled]">Conditional</animation>
                    <include content="ThumbsImages">
                        <param name="visible" value="true"/>
                        <param name="visibleFrameHighlight" value="false"/>
                        <param name="x" value="70"/>
                        <param name="y" value="10"/>
                        <param name="width" value="321"/>
                        <param name="height" value="321"/>
                        <param name="aspectratio" value="scale"/>
                        <param name="align" value="center"/>
                        <param name="aligny" value="top"/>
                        <param name="flipy" value="false"/>
                        <param name="texture" value="$VAR[Thumbs]"/>
                        <param name="fallback" value="DefaultFile.png"/>
                        <param name="texturediffuse" value="ThumbsUnfocusedColor"/>
                        <param name="borderdiffuse" value="BorderUnfocusedColor"/>
                    </include>
                    <include content="ProgressBar">
                        <param name="id" value="0"/>
                        <param name="visible" value="Integer.IsGreater(ListItem.PercentPlayed,0)"/>
                        <param name="x" value="398"/>
                        <param name="y" value="10"/>
                        <param name="width" value="320"/>
                        <param name="info" value="ListItem.PercentPlayed"/>
                        <param name="endRotation" value="-90"/>
                        <param name="centerRotation" value="398,10"/>
                        <param name="visiblefocus" value="false"/>
                        <param name="direction" value="vertical"/>
                    </include>
                    <include content="WatchedRecOverlay">
                        <param name="x" value="337"/>
                        <param name="y" value="12"/>
                        <param name="width" value="50"/>
                        <param name="height" value="50"/>
                        <param name="color" value="Alternate"/>
                    </include>
                </control>
                <control type="group">
                    <visible>$EXP[CdArtAudioIsEnabled]</visible>
                    <control type="label">
                        <posx>555</posx>
                        <posy>30</posy>
                        <height>50</height>
                        <width>1335</width>
                        <font>FacadeListTitleFont</font>
                        <textcolor>NoFocusedColor</textcolor>
                        <label>$VAR[DetailsTitle]</label>
                    </control>
                    <control type="label">
                        <posx>555</posx>
                        <posy>80</posy>
                        <height>50</height>
                        <width>1335</width>
                        <font>FacadeListSubTitleFont</font>
                        <textcolor>NoFocusedColor</textcolor>
                        <label>$VAR[DetailsRow1]$VAR[DetailsRow2,[COLOR=SeparatorColor] › [/COLOR]]$VAR[DetailsRow3,[COLOR=SeparatorColor] › [/COLOR]]$VAR[DetailsRow4,[COLOR=SeparatorColor] › [/COLOR]]</label>
                    </control>
                </control>
                <control type="group">
                    <visible>$EXP[CdArtAudioIsNotEnabled]</visible>
                    <control type="label">
                        <posx>460</posx>
                        <posy>30</posy>
                        <height>50</height>
                        <width>1390</width>
                        <font>FacadeListTitleFont</font>
                        <textcolor>NoFocusedColor</textcolor>
                        <label>$VAR[DetailsTitle]</label>
                    </control>
                    <control type="label">
                        <posx>460</posx>
                        <posy>80</posy>
                        <height>50</height>
                        <width>1390</width>
                        <font>FacadeListSubTitleFont</font>
                        <textcolor>NoFocusedColor</textcolor>
                        <label>$VAR[DetailsRow1]$VAR[DetailsRow2,[COLOR=SeparatorColor] › [/COLOR]]$VAR[DetailsRow3,[COLOR=SeparatorColor] › [/COLOR]]$VAR[DetailsRow4,[COLOR=SeparatorColor] › [/COLOR]]</label>
                    </control>
                </control>
            </control>
            <!--CHANNELS-->
            <control type="group">
                <visible>$EXP[ContentIsChannel]</visible>
                <control type="group">
                    <include content="ThumbsImages">
                        <param name="visible" value="true"/>
                        <param name="visibleFrameHighlight" value="false"/>
                        <param name="x" value="70"/>
                        <param name="y" value="10"/>
                        <param name="width" value="426"/>
                        <param name="height" value="321"/>
                        <param name="aspectratio" value="scale"/>
                        <param name="align" value="center"/>
                        <param name="aligny" value="center"/>
                        <param name="flipy" value="false"/>
                        <param name="texture" value="$VAR[ThumbsPvr]"/>
                        <param name="fallback" value="defaultChannel.png"/>
                        <param name="texturediffuse" value="ThumbsUnfocusedColor"/>
                        <param name="borderdiffuse" value="BorderUnfocusedColor"/>
                    </include>
                    <include content="ProgressBar">
                        <param name="id" value="0"/>
                        <param name="visible" value="Integer.IsGreater(ListItem.Progress,0)"/>
                        <param name="x" value="503"/>
                        <param name="y" value="10"/>
                        <param name="width" value="320"/>
                        <param name="info" value="ListItem.Progress"/>
                        <param name="endRotation" value="-90"/>
                        <param name="centerRotation" value="503,10"/>
                        <param name="visiblefocus" value="false"/>
                        <param name="direction" value="vertical"/>
                    </include>
                    <include content="ProgressBar">
                        <param name="id" value="0"/>
                        <param name="visible" value="Integer.IsGreater(ListItem.PercentPlayed,0)"/>
                        <param name="x" value="503"/>
                        <param name="y" value="10"/>
                        <param name="width" value="320"/>
                        <param name="info" value="ListItem.PercentPlayed"/>
                        <param name="endRotation" value="-90"/>
                        <param name="centerRotation" value="503,10"/>
                        <param name="visiblefocus" value="false"/>
                        <param name="direction" value="vertical"/>
                    </include>
                    <include content="WatchedRecOverlay">
                        <param name="x" value="442"/>
                        <param name="y" value="12"/>
                        <param name="width" value="50"/>
                        <param name="height" value="50"/>
                        <param name="color" value="Alternate"/>
                    </include>
                </control>
                <control type="label">
                    <posx>565</posx>
                    <posy>30</posy>
                    <height>50</height>
                    <width>1285</width>
                    <font>FacadeListTitleFont</font>
                    <textcolor>NoFocusedColor</textcolor>
                    <label>$VAR[DetailsTitle]</label>
                </control>
                <control type="label">
                    <posx>565</posx>
                    <posy>80</posy>
                    <height>50</height>
                    <width>1285</width>
                    <font>FacadeListSubTitleFont</font>
                    <textcolor>NoFocusedColor</textcolor>
                    <label>$VAR[DetailsRow1]$VAR[DetailsRow2,[COLOR=SeparatorColor] › [/COLOR]]$VAR[DetailsRow3,[COLOR=SeparatorColor] › [/COLOR]]$VAR[DetailsRow4,[COLOR=SeparatorColor] › [/COLOR]]</label>
                </control>
            </control>
        </itemlayout>
        <focusedlayout height="331" width="1920">
            <control type="group">
                <include>ListFocusAnimation</include>
                <!--POSTERS-->
                <control type="group">
                    <visible>$EXP[ContentIsPoster]</visible>
                    <!-- CDART VIDEO -->
                    <include content="DiscArt">
                        <param name="visible" value="!ListItem.IsParentFolder+!String.IsEmpty(ListItem.Thumb)+[Container.content(movies)|Container.content(MusicVideos)]"/>
                        <param name="x" value="20"/>
                        <param name="y" value="20"/>
                        <param name="width" value="301"/>
                        <param name="height" value="301"/>
                        <param name="texture" value="$VAR[VideoCdArt]"/>
                    </include>
                    <control type="group">
                        <animation effect="slide" time="0" start="0,0" end="95,0" condition="$EXP[CdArtVideoIsEnabled]">Conditional</animation>
                        <include content="ThumbsImages">
                            <param name="visible" value="true"/>
                            <param name="visibleFrameHighlight" value="true"/>
                            <param name="x" value="70"/>
                            <param name="y" value="10"/>
                            <param name="width" value="212"/>
                            <param name="height" value="321"/>
                            <param name="aspectratio" value="scale"/>
                            <param name="align" value="center"/>
                            <param name="aligny" value="center"/>
                            <param name="flipy" value="false"/>
                            <param name="texture" value="$VAR[Thumbs]"/>
                            <param name="fallback" value="DefaultVideoCover.png"/>
                            <param name="texturediffuse" value="ThumbsFocusedColor"/>
                            <param name="borderdiffuse" value="$VAR[Picked.HighLight.Color]"/>
                        </include>
                        <include content="ProgressBar">
                            <param name="id" value="0"/>
                            <param name="visible" value="Integer.IsGreater(ListItem.PercentPlayed,0)"/>
                            <param name="x" value="288"/>
                            <param name="y" value="10"/>
                            <param name="width" value="320"/>
                            <param name="info" value="ListItem.PercentPlayed"/>
                            <param name="endRotation" value="-90"/>
                            <param name="centerRotation" value="288,10"/>
                            <param name="visiblefocus" value="true"/>
                            <param name="direction" value="vertical"/>
                        </include>
                        <include content="WatchedRecOverlay">
                            <param name="x" value="225"/>
                            <param name="y" value="12"/>
                            <param name="width" value="50"/>
                            <param name="height" value="50"/>
                            <param name="color" value="Main"/>
                        </include>
                    </control>
                    <control type="group">
                        <visible>$EXP[CdArtVideoIsEnabled]</visible>
                        <include content="FocusedIndicatorVertical">
                            <param name="x" value="420"/>
                            <param name="y" value="30"/>
                            <param name="height" value="57"/>
                            <param name="visible" value="true"/>
                        </include>
                        <control type="label">
                            <posx>440</posx>
                            <posy>30</posy>
                            <height>50</height>
                            <width>1410</width>
                            <font>FacadeListTitleFont</font>
                            <include>TextColor_MainColor</include>
                            <scroll>true</scroll>
                            <label>$VAR[DetailsTitle]</label>
                        </control>
                        <control type="label">
                            <posx>440</posx>
                            <posy>80</posy>
                            <height>50</height>
                            <width>1410</width>
                            <font>FacadeListSubTitleFont</font>
                            <include>TextColor_MainColor</include>
                            <scroll>true</scroll>
                            <label>$VAR[DetailsRow1]$VAR[DetailsRow2,[COLOR=SeparatorColor] › [/COLOR]]$VAR[DetailsRow3,[COLOR=SeparatorColor] › [/COLOR]]$VAR[DetailsRow4,[COLOR=SeparatorColor] › [/COLOR]]</label>
                        </control>
                        <control type="textbox">
                            <posx>440</posx>
                            <posy>135</posy>
                            <height>170</height>
                            <width>1030</width>
                            <font>FacadeListSubTitleFont</font>
                            <include>TextColor_MainColor</include>
                            <label>$VAR[Plots]</label>
                            <include>myautoscroll</include>
                        </control>
                    </control>
                    <control type="group">
                        <visible>$EXP[CdArtVideoIsNotEnabled]</visible>
                        <include content="FocusedIndicatorVertical">
                            <param name="x" value="332"/>
                            <param name="y" value="30"/>
                            <param name="height" value="57"/>
                            <param name="visible" value="true"/>
                        </include>
                        <control type="label">
                            <posx>352</posx>
                            <posy>30</posy>
                            <height>50</height>
                            <width>1498</width>
                            <font>FacadeListTitleFont</font>
                            <include>TextColor_MainColor</include>
                            <scroll>true</scroll>
                            <label>$VAR[DetailsTitle]</label>
                        </control>
                        <control type="label">
                            <posx>352</posx>
                            <posy>80</posy>
                            <height>50</height>
                            <width>1498</width>
                            <font>FacadeListSubTitleFont</font>
                            <include>TextColor_MainColor</include>
                            <scroll>true</scroll>
                            <label>$VAR[DetailsRow1]$VAR[DetailsRow2,[COLOR=SeparatorColor] › [/COLOR]]$VAR[DetailsRow3,[COLOR=SeparatorColor] › [/COLOR]]$VAR[DetailsRow4,[COLOR=SeparatorColor] › [/COLOR]]</label>
                        </control>
                        <control type="textbox">
                            <posx>352</posx>
                            <posy>135</posy>
                            <height>170</height>
                            <width>1118</width>
                            <font>FacadeListSubTitleFont</font>
                            <include>TextColor_MainColor</include>
                            <label>$VAR[Plots]</label>
                            <include>myautoscroll</include>
                        </control>
                    </control>
                    <include content="Codecs">
                        <param name="x" value="1550"/>
                        <param name="y" value="135"/>
                        <param name="width" value="240"/>
                    </include>
                </control>
                <!--EPISODES-->
                <control type="group">
                    <visible>$EXP[ContentIsEpisode]</visible>
                    <control type="group">
                        <include content="ThumbsImages">
                            <param name="visible" value="true"/>
                            <param name="visibleFrameHighlight" value="true"/>
                            <param name="x" value="70"/>
                            <param name="y" value="10"/>
                            <param name="width" value="570"/>
                            <param name="height" value="321"/>
                            <param name="aspectratio" value="scale"/>
                            <param name="align" value="center"/>
                            <param name="aligny" value="center"/>
                            <param name="flipy" value="false"/>
                            <param name="texture" value="$VAR[Thumbs]"/>
                            <param name="fallback" value="defaultVideoCoverEpisode.png"/>
                            <param name="texturediffuse" value="ThumbsFocusedColor"/>
                            <param name="borderdiffuse" value="$VAR[Picked.HighLight.Color]"/>
                        </include>
                        <include content="ProgressBar">
                            <param name="id" value="0"/>
                            <param name="visible" value="Integer.IsGreater(ListItem.PercentPlayed,0)"/>
                            <param name="x" value="646"/>
                            <param name="y" value="10"/>
                            <param name="width" value="320"/>
                            <param name="info" value="ListItem.PercentPlayed"/>
                            <param name="endRotation" value="-90"/>
                            <param name="centerRotation" value="646,10"/>
                            <param name="visiblefocus" value="true"/>
                            <param name="direction" value="vertical"/>
                        </include>
                        <include content="WatchedRecOverlay">
                            <param name="x" value="583"/>
                            <param name="y" value="12"/>
                            <param name="width" value="50"/>
                            <param name="height" value="50"/>
                            <param name="color" value="Main"/>
                        </include>
                    </control>
                    <include content="FocusedIndicatorVertical">
                        <param name="x" value="690"/>
                        <param name="y" value="30"/>
                        <param name="height" value="57"/>
                        <param name="visible" value="true"/>
                    </include>
                    <control type="label">
                        <posx>710</posx>
                        <posy>30</posy>
                        <height>50</height>
                        <width>1140</width>
                        <font>FacadeListTitleFont</font>
                        <include>TextColor_MainColor</include>
                        <scroll>true</scroll>
                        <label>$VAR[DetailsTitle]</label>
                    </control>
                    <control type="label">
                        <posx>710</posx>
                        <posy>80</posy>
                        <height>50</height>
                        <width>1140</width>
                        <font>FacadeListSubTitleFont</font>
                        <include>TextColor_MainColor</include>
                        <scroll>true</scroll>
                        <label>$VAR[DetailsRow1]$VAR[DetailsRow2,[COLOR=SeparatorColor] › [/COLOR]]$VAR[DetailsRow3,[COLOR=SeparatorColor] › [/COLOR]]$VAR[DetailsRow4,[COLOR=SeparatorColor] › [/COLOR]]</label>
                    </control>
                    <control type="textbox">
                        <posx>710</posx>
                        <posy>135</posy>
                        <height>170</height>
                        <width>760</width>
                        <font>FacadeListSubTitleFont</font>
                        <include>TextColor_MainColor</include>
                        <label>$VAR[Plots]</label>
                        <include>myautoscroll</include>
                    </control>
                    <include content="Codecs">
                        <param name="x" value="1550"/>
                        <param name="y" value="135"/>
                        <param name="width" value="240"/>
                    </include>
                </control>
                <!--SQUARES-->
                <control type="group">
                    <visible>$EXP[ContentIsSquare]</visible>
                    <include content="DiscArt">
                        <param name="visible" value="!ListItem.IsParentFolder+!String.IsEmpty(ListItem.Thumb)+[Container.content(songs)|Container.content(albums)]"/>
                        <param name="x" value="20"/>
                        <param name="y" value="20"/>
                        <param name="width" value="300"/>
                        <param name="height" value="300"/>
                        <param name="texture" value="$VAR[MusicCdArt]"/>
                    </include>
                    <control type="group">
                        <animation effect="slide" time="0" start="0,0" end="95,0" condition="$EXP[CdArtAudioIsEnabled]">Conditional</animation>
                        <include content="ThumbsImages">
                            <param name="visible" value="true"/>
                            <param name="visibleFrameHighlight" value="true"/>
                            <param name="x" value="70"/>
                            <param name="y" value="10"/>
                            <param name="width" value="321"/>
                            <param name="height" value="321"/>
                            <param name="aspectratio" value="scale"/>
                            <param name="align" value="center"/>
                            <param name="aligny" value="top"/>
                            <param name="flipy" value="false"/>
                            <param name="texture" value="$VAR[Thumbs]"/>
                            <param name="fallback" value="DefaultFile.png"/>
                            <param name="texturediffuse" value="ThumbsFocusedColor"/>
                            <param name="borderdiffuse" value="$VAR[Picked.HighLight.Color]"/>
                        </include>
                        <include content="ProgressBar">
                            <param name="id" value="0"/>
                            <param name="visible" value="Integer.IsGreater(ListItem.PercentPlayed,0)"/>
                            <param name="x" value="398"/>
                            <param name="y" value="10"/>
                            <param name="width" value="320"/>
                            <param name="info" value="ListItem.PercentPlayed"/>
                            <param name="endRotation" value="-90"/>
                            <param name="centerRotation" value="398,10"/>
                            <param name="visiblefocus" value="true"/>
                            <param name="direction" value="vertical"/>
                        </include>
                        <include content="WatchedRecOverlay">
                            <param name="x" value="337"/>
                            <param name="y" value="12"/>
                            <param name="width" value="50"/>
                            <param name="height" value="50"/>
                            <param name="color" value="Main"/>
                        </include>
                    </control>
                    <control type="group">
                        <visible>$EXP[CdArtAudioIsEnabled]</visible>
                        <include content="FocusedIndicatorVertical">
                            <param name="x" value="535"/>
                            <param name="y" value="30"/>
                            <param name="height" value="57"/>
                            <param name="visible" value="true"/>
                        </include>
                        <control type="label">
                            <posx>555</posx>
                            <posy>30</posy>
                            <height>50</height>
                            <width>1295</width>
                            <font>FacadeListTitleFont</font>
                            <include>TextColor_MainColor</include>
                            <scroll>true</scroll>
                            <label>$VAR[DetailsTitle]</label>
                        </control>
                        <control type="label">
                            <posx>555</posx>
                            <posy>80</posy>
                            <height>50</height>
                            <width>1295</width>
                            <font>FacadeListSubTitleFont</font>
                            <include>TextColor_MainColor</include>
                            <scroll>true</scroll>
                            <label>$VAR[DetailsRow1]$VAR[DetailsRow2,[COLOR=SeparatorColor] › [/COLOR]]$VAR[DetailsRow3,[COLOR=SeparatorColor] › [/COLOR]]$VAR[DetailsRow4,[COLOR=SeparatorColor] › [/COLOR]]</label>
                        </control>
                        <control type="textbox">
                            <posx>555</posx>
                            <posy>135</posy>
                            <height>170</height>
                            <width>1295</width>
                            <font>FacadeListSubTitleFont</font>
                            <include>TextColor_MainColor</include>
                            <label>$VAR[Plots]</label>
                            <include>myautoscroll</include>
                        </control>
                    </control>
                    <control type="group">
                        <visible>$EXP[CdArtAudioIsNotEnabled]</visible>
                        <include content="FocusedIndicatorVertical">
                            <param name="x" value="440"/>
                            <param name="y" value="30"/>
                            <param name="height" value="57"/>
                            <param name="visible" value="true"/>
                        </include>
                        <control type="label">
                            <posx>460</posx>
                            <posy>30</posy>
                            <height>50</height>
                            <width>1390</width>
                            <font>FacadeListTitleFont</font>
                            <include>TextColor_MainColor</include>
                            <scroll>true</scroll>
                            <label>$VAR[DetailsTitle]</label>
                        </control>
                        <control type="label">
                            <posx>460</posx>
                            <posy>80</posy>
                            <height>50</height>
                            <width>1390</width>
                            <font>FacadeListSubTitleFont</font>
                            <include>TextColor_MainColor</include>
                            <scroll>true</scroll>
                            <label>$VAR[DetailsRow1]$VAR[DetailsRow2,[COLOR=SeparatorColor] › [/COLOR]]$VAR[DetailsRow3,[COLOR=SeparatorColor] › [/COLOR]]$VAR[DetailsRow4,[COLOR=SeparatorColor] › [/COLOR]]</label>
                        </control>
                        <control type="textbox">
                            <posx>460</posx>
                            <posy>135</posy>
                            <height>170</height>
                            <width>1390</width>
                            <font>FacadeListSubTitleFont</font>
                            <include>TextColor_MainColor</include>
                            <label>$VAR[Plots]</label>
                            <include>myautoscroll</include>
                        </control>
                    </control>
                </control>
                <!--CHANNELS-->
                <control type="group">
                    <visible>$EXP[ContentIsChannel]</visible>
                    <control type="group">
                        <include content="ThumbsImages">
                            <param name="visible" value="true"/>
                            <param name="visibleFrameHighlight" value="true"/>
                            <param name="x" value="70"/>
                            <param name="y" value="10"/>
                            <param name="width" value="426"/>
                            <param name="height" value="321"/>
                            <param name="aspectratio" value="scale"/>
                            <param name="align" value="center"/>
                            <param name="aligny" value="center"/>
                            <param name="flipy" value="false"/>
                            <param name="texture" value="$VAR[ThumbsPvr]"/>
                            <param name="fallback" value="defaultChannel.png"/>
                            <param name="texturediffuse" value="ThumbsFocusedColor"/>
                            <param name="borderdiffuse" value="$VAR[Picked.HighLight.Color]"/>
                        </include>
                        <include content="ProgressBar">
                            <param name="id" value="0"/>
                            <param name="visible" value="Integer.IsGreater(ListItem.Progress,0)"/>
                            <param name="x" value="503"/>
                            <param name="y" value="10"/>
                            <param name="width" value="320"/>
                            <param name="info" value="ListItem.Progress"/>
                            <param name="endRotation" value="-90"/>
                            <param name="centerRotation" value="503,10"/>
                            <param name="visiblefocus" value="true"/>
                            <param name="direction" value="vertical"/>
                        </include>
                        <include content="ProgressBar">
                            <param name="id" value="0"/>
                            <param name="visible" value="Integer.IsGreater(ListItem.PercentPlayed,0)"/>
                            <param name="x" value="503"/>
                            <param name="y" value="10"/>
                            <param name="width" value="320"/>
                            <param name="info" value="ListItem.PercentPlayed"/>
                            <param name="endRotation" value="-90"/>
                            <param name="centerRotation" value="503,10"/>
                            <param name="visiblefocus" value="true"/>
                            <param name="direction" value="vertical"/>
                        </include>
                        <include content="WatchedRecOverlay">
                            <param name="x" value="442"/>
                            <param name="y" value="12"/>
                            <param name="width" value="50"/>
                            <param name="height" value="50"/>
                            <param name="color" value="Main"/>
                        </include>
                    </control>
                    <include content="FocusedIndicatorVertical">
                        <param name="x" value="545"/>
                        <param name="y" value="30"/>
                        <param name="height" value="57"/>
                        <param name="visible" value="true"/>
                    </include>
                    <control type="label">
                        <posx>565</posx>
                        <posy>30</posy>
                        <height>50</height>
                        <width>1285</width>
                        <font>FacadeListTitleFont</font>
                        <include>TextColor_MainColor</include>
                        <scroll>true</scroll>
                        <label>$VAR[DetailsTitle]</label>
                    </control>
                    <control type="label">
                        <posx>565</posx>
                        <posy>80</posy>
                        <height>50</height>
                        <width>1285</width>
                        <font>FacadeListSubTitleFont</font>
                        <include>TextColor_MainColor</include>
                        <scroll>true</scroll>
                        <label>$VAR[DetailsRow1]$VAR[DetailsRow2,[COLOR=SeparatorColor] › [/COLOR]]$VAR[DetailsRow3,[COLOR=SeparatorColor] › [/COLOR]]$VAR[DetailsRow4,[COLOR=SeparatorColor] › [/COLOR]]</label>
                    </control>
                    <control type="textbox">
                        <posx>565</posx>
                        <posy>135</posy>
                        <height>170</height>
                        <width>1285</width>
                        <font>FacadeListSubTitleFont</font>
                        <include>TextColor_MainColor</include>
                        <label>$VAR[Plots]</label>
                        <include>myautoscroll</include>
                    </control>
                </control>
            </control>
        </focusedlayout>
    </include>
    <include name="View_50_BigList">
        <control type="group">
            <height>1080</height>
            <visible>Control.IsVisible(50)</visible>
            <include>Facade_Fade</include>
            <control type="list" id="50">
                <viewtype label="537">Big List</viewtype>
                <posx>0</posx>
                <posy>0</posy>
                <width>1920</width>
                <height>1080</height>
                <pagecontrol>60</pagecontrol>
                <onleft>9000</onleft>
                <onright>60</onright>
                <onup condition="!Skin.HasSetting(EnableUpNavListViews)">50</onup>
                <onup>505051</onup>
                <ondown>50</ondown>
                <preloaditems>4</preloaditems>
                <include>BigList_Layout</include>
            </control>
            <control type="scrollbar" id="60">
                <posx>1870</posx>
                <posy>0</posy>
                <height>1080</height>
                <include>VerticalScroller</include>
                <onleft>50</onleft>
                <onright>505051</onright>
            </control>
        </control>
    </include>
    <include name="View_50_BigList_Extras">
        <control type="group">
            <visible>Control.IsVisible(51)</visible>
            <include>Facade_Fade</include>
            <control type="group">
                <control type="image">
                    <posx>0</posx>
                    <posy>280</posy>
                    <width>1920</width>
                    <height>800</height>
                    <texture border="51">common/background_strip_horizontal.png</texture>
                </control>
                <control type="image">
                    <posx>0</posx>
                    <posy>330</posy>
                    <width>50</width>
                    <height>700</height>
                    <texture border="1">common/background_strip_horizontal_left.png</texture>
                </control>
                <control type="image">
                    <posx>1440</posx>
                    <posy>330</posy>
                    <width>480</width>
                    <height>700</height>
                    <texture border="1">common/background_strip_horizontal_right.png</texture>
                </control>
                <control type="image">
                    <posx>960</posx>
                    <posy>330</posy>
                    <width>480</width>
                    <height>700</height>
                    <texture border="1">common/background_strip_horizontal_right.png</texture>
                </control>
                <control type="list" id="51">
                    <viewtype label="31091">List</viewtype>
                    <posx>TextMargin</posx>
                    <posy>380</posy>
                    <width>910</width>
                    <height>600</height>
                    <pagecontrol>60</pagecontrol>
                    <onleft>9000</onleft>
                    <onright>60</onright>
                    <onup condition="!Skin.HasSetting(EnableUpNavListViews)">51</onup>
                    <onup>505051</onup>
                    <ondown>51</ondown>
                    <preloaditems>4</preloaditems>
                    <include>BigList_Layout</include>
                </control>
            </control>
            <control type="scrollbar" id="60">
                <posx>910</posx>
                <posy>380</posy>
                <height>600</height>
                <include>VerticalScroller</include>
                <onleft>51</onleft>
                <onright>60</onright>
            </control>
            <include content="ClearArtLogo">
                <param name="x" value="430r"/>
                <param name="y" value="180"/>
                <param name="width" value="380"/>
                <param name="height" value="150"/>
                <param name="visible" value="!Player.HasMedia"/>
                <param name="align" value="center"/>
                <param name="aligny" value="bottom"/>
            </include>
            <include content="StudioArt">
                <param name="x" value="1010"/>
                <param name="y" value="180"/>
                <param name="width" value="380"/>
                <param name="height" value="150"/>
                <param name="visible" value="!Player.HasMedia"/>
                <param name="align" value="center"/>
                <param name="aligny" value="bottom"/>
            </include>
        </control>
    </include>
    <include name="View_50_BigList_Custom_Addons">
        <control type="group">
            <visible>Control.IsVisible(50)</visible>
            <include>Facade_Fade</include>
            <control type="group">
                <control type="list" id="50">
                    <viewtype label="537">Big List</viewtype>
                    <posx>0</posx>
                    <posy>0</posy>
                    <width>1920</width>
                    <height>1080</height>
                    <pagecontrol>60</pagecontrol>
                    <onleft>9000</onleft>
                    <onright>60</onright>
                    <onup condition="!Skin.HasSetting(EnableUpNavListViews)">50</onup>
                    <onup>505051</onup>
                    <ondown>50</ondown>
                    <preloaditems>4</preloaditems>
                    <include>BigList_Layout</include>
                    <content>
                        <item id="2">
                            <visible>!Skin.HasSetting(Addons.Hide)</visible>
                            <label>$LOCALIZE[0]</label>
                            <label2>$INFO[Window(Home).Property(SkinHelper.TotalProgramAddons),, $LOCALIZE[24001]]</label2>
                            <onclick condition="!System.Platform.Android">ActivateWindow(Programs,Addons,return)</onclick>
                            <onclick condition="System.Platform.Android">ActivateWindow(Programs)</onclick>
                        </item>
                        <item id="3">
                            <visible>!Skin.HasSetting(Addons.Hide)</visible>
                            <label>$LOCALIZE[1037]</label>
                            <label2>$INFO[Window(Home).Property(SkinHelper.TotalVideoAddons),, $LOCALIZE[24001]]</label2>
                            <onclick>ActivateWindow(Videos,Addons,return)</onclick>
                        </item>
                        <item id="4">
                            <visible>!Skin.HasSetting(Addons.Hide)</visible>
                            <label>$LOCALIZE[1038]</label>
                            <label2>$INFO[Window(Home).Property(SkinHelper.TotalAudioAddons),, $LOCALIZE[24001]]</label2>
                            <onclick>ActivateWindow(Music,Addons,return)</onclick>
                        </item>
                        <item id="5">
                            <visible>!Skin.HasSetting(Addons.Hide)</visible>
                            <label>$LOCALIZE[1039]</label>
                            <label2>$INFO[Window(Home).Property(SkinHelper.TotalPicturesAddons),, $LOCALIZE[24001]]</label2>
                            <onclick>XBMC.ActivateWindow(Pictures,Addons,return)</onclick>
                        </item>
                        <item id="51">
                            <visible>Skin.HasSetting(plexbmc)</visible>
                            <label>$LOCALIZE[31000]</label>
                            <onclick>ActivateWindow(pictures,"plugin://plugin.video.plexbmc/?url=http://photo&amp;mode=22",return)</onclick>
                        </item>
                        <item id="52">
                            <visible>Skin.HasSetting(plexbmc)</visible>
                            <label>$LOCALIZE[31001]</label>
                            <onclick>ActivateWindow(Videos,"plugin://plugin.video.plexbmc/?url=http://video&amp;mode=22",return)</onclick>
                        </item>
                        <item id="53">
                            <visible>Skin.HasSetting(plexbmc)</visible>
                            <label>$LOCALIZE[31002]</label>
                            <onclick>ActivateWindow(Music,"plugin://plugin.video.plexbmc/?url=http://music&amp;mode=22",return)</onclick>
                        </item>
                        <item id="50">
                            <visible>Skin.HasSetting(plexbmc)</visible>
                            <label>$LOCALIZE[31003]</label>
                            <onclick>ActivateWindow(Videos,"plugin://plugin.video.plexbmc/?mode=22&amp;url=http://online%2fsystem%2fplugins%2fall",return)</onclick>
                        </item>
                        <item id="2">
                            <visible>!Skin.HasSetting(Addons.Hide)</visible>
                            <label>$LOCALIZE[10040]</label>
                            <label2>$INFO[Window(Home).Property(SkinHelper.TotalAddons),, $LOCALIZE[24001]]</label2>
                            <onclick>ActivateWindow(AddonBrowser,root)</onclick>
                        </item>
                    </content>
                </control>
            </control>
            <control type="scrollbar" id="60">
                <posx>1870</posx>
                <posy>0</posy>
                <height>1080</height>
                <include>VerticalScroller</include>
                <onleft>50</onleft>
                <onright>505051</onright>
            </control>
        </control>
    </include>
</includes>
