<?xml version="1.0" encoding="UTF-8"?>

<fonts>

 	<include file="fonts/GenericFont.xml"/>

	<fontset id="Default" idloc="31390">
	 	<include file="fonts/weblysleek.xml">weblysleek-font</include>
	</fontset>

	<fontset id="Arial" idloc="31948">
	 	<include file="fonts/arial.xml">arial-font</include>
	</fontset>

	<fontset id="BubblegumSans" idloc="31396">
		<include content="GenericFont">
			<param name="filename" value="BubblegumSans-Regular.ttf" />
		</include>
	</fontset>

	<fontset id="BellotaText" idloc="31398">
		<include content="GenericFont">
			<param name="filename" value="BellotaText-Bold.ttf" />
		</include>
	</fontset>

	<fontset id="BalooChettan2" idloc="31397">
		<include content="GenericFont">
			<param name="filename" value="BalooChettan2-SemiBold.ttf" />
		</include>
	</fontset>

	<fontset id="Grandstander Regular" idloc="31399">
		<include content="GenericFont">
			<param name="filename" value="Grandstander-Regular.ttf" />
		</include>
	</fontset>
	
	<fontset id="rdm" idloc="41399">
		<include content="rdm">
			<param name="filename" value="rdm-Black.ttf" />
		</include>
	</fontset>

	<fontset id="Grandstander Semibold" idloc="31400">
		<include content="GenericFont">
			<param name="filename" value="Grandstander-SemiBold.ttf" />
		</include>
	</fontset>

	<fontset id="Assistant" idloc="31264">
	 	<include file="fonts/assistant.xml">assistant-font</include>
	</fontset>

	<fontset id="Catamaran" idloc="31122">
	 	<include file="fonts/catamaran.xml">catamaran-font</include>
	</fontset>

	<fontset id="Changa" idloc="31139">
	 	<include file="fonts/changa.xml">changa-font</include>
	</fontset>

	<fontset id="Jaldi" idloc="31077">
	 	<include file="fonts/jaldi.xml">jaldi-font</include>
	</fontset>

	<fontset id="Kanit" idloc="31262">
	 	<include file="fonts/kanit.xml">kanit-font</include>
	</fontset>

	<fontset id="NotoSans" idloc="31117">
	 	<include file="fonts/notosans.xml">notosans-font</include>
	</fontset>

	<fontset id="NotoSerif" idloc="31308">
	 	<include file="fonts/notoserif.xml">notoserif-font</include>
	</fontset>

	<fontset id="Roboto2014" idloc="31949">
		<include content="GenericFont">
			<param name="filename" value="Roboto-Light.ttf" />
		</include>
	</fontset>

	<fontset id="Sawasdee" idloc="31411">
		<include content="GenericFont">
			<param name="filename" value="Sawasdee.ttf" />
		</include>
	</fontset>

	<fontset id="Ubuntu" idloc="31028">
		<include content="GenericFont">
			<param name="filename" value="Ubuntu-L.ttf" />
		</include>
	</fontset>

	<fontset id="Blogger" idloc="31391">
		<include content="GenericFont">
			<param name="filename" value="Blogger_Sans-Bold.ttf" />
		</include>
	</fontset>

	<fontset id="Days" idloc="31392">
		<include content="GenericFont">
			<param name="filename" value="Days.ttf" />
		</include>
	</fontset>

	<fontset id="Monsterrat" idloc="31394">
		<include content="GenericFont">
			<param name="filename" value="MontserratAlternates-Bold.ttf" />
		</include>
	</fontset>

	<fontset id="PassionOne" idloc="31395">
		<include content="GenericFont">
			<param name="filename" value="PassionOne-Regular.ttf" />
		</include>
	</fontset>

</fonts>


