<?xml version="1.0" encoding="UTF-8"?>
<includes>
	<include name="DetailedForecast">
		<control type="group">
			<visible>Container(9000).HasFocus(11)</visible>
<!-- 			<include>SettingsFadeEffect</include> -->
			<left>470</left>
			<top>0</top>
			<width>1400</width>
			<height>780</height>
			
			<control type="panel" id="307">
				<left>0</left>
				<top>0</top>
				<width>1400</width>
				<height>780</height>
				<onup>307</onup>
				<ondown>307</ondown>
				<onleft>9000</onleft>
				<onclick>Skin.ToggleSetting(Weather.Zoom.Detailed)</onclick>
				<onfocus>Skin.Reset(Weather.Zoom.Detailed)</onfocus>
				<onunfocus>Skin.Reset(Weather.Zoom.Detailed)</onunfocus>
				<orientation>vertical</orientation>
<!-- 				<scrolltime tween="quadratic" easing="out">200</scrolltime> -->
				<itemlayout height="360" width="1400">
					<include content="ItemBorder">
						<param name="bottom" value="20" />
					</include>

					<control type="image">
						<description>current weather icon</description>
						<left>40</left>
						<top>80</top>
						<width>220</width>
						<height>220</height>
						<texture>$INFO[ListItem.Icon]</texture>
						<aspectratio align="center" aligny="center">keep</aspectratio>
					</control>
					<control type="label">
						<left>40</left>
						<right>20</right>
						<top>20</top>
						<width>1060</width>
						<height>50</height>
						<font>font16</font>
						<label>$INFO[ListItem.Label]</label>
					</control>
					<control type="label">
						<right>60</right>
						<top>40</top>
						<height>50</height>
						<font>font36</font>
						<align>right</align>
						<selectedcolor>SelectedColor</selectedcolor>
						<label>$INFO[ListItem.Property(HighTemperature),[COLOR=HighTemp],[/COLOR]]$INFO[ListItem.Property(LowTemperature), [COLOR=LowTemp],[/COLOR]]</label>
					</control>
					<control type="label">
						<width>1060</width>
						<left>320</left>
						<top>75</top>
						<height>30</height>
						<font>font15</font>
						<selectedcolor>SelectedColor</selectedcolor>
						<label>$LOCALIZE[383]: $INFO[ListItem.Property(WindDirection)] $INFO[ListItem.Property(WindSpeed)]</label>
					</control>
					<control type="textbox">
						<width>1050</width>
						<left>320</left>
						<top>120</top>
						<height>200</height>
<!-- 						<font>font15</font> -->
						<selectedcolor>SelectedColor</selectedcolor>
						<label>$INFO[ListItem.Property(DetailedOutlook)]</label>
					</control>

					<control type="image">
						<top>20</top>
						<left>20</left>
						<right>20</right>
						<bottom>20</bottom>
						<texture border="5">overlays/diffuse-overlay.png</texture>
 						<visible>Skin.HasSetting(Enable.HighlightFocused)</visible>
					</control>
				</itemlayout>
				<focusedlayout height="360" width="1400">
					<control type="button" id="3061">
						<visible>false</visible>
						<description>Dummy object to catch focus so we can clear property</description>
						<onfocus>Skin.Reset(Weather.Zoom.Detailed)</onfocus>
						<onunfocus>Skin.Reset(Weather.Zoom.Detailed)</onunfocus>
					</control>
				
					<include content="ItemFocusBorder">
						<param name="bottom" value="20" />
					</include>

					<control type="image">
						<description>current weather icon</description>
						<left>40</left>
						<top>80</top>
						<width>220</width>
						<height>220</height>
						<texture>$INFO[ListItem.Icon]</texture>
						<aspectratio align="center" aligny="center">keep</aspectratio>
					</control>
					<control type="label">
						<left>40</left>
						<right>20</right>
						<top>20</top>
						<width>1060</width>
						<height>50</height>
 						<font>font16</font> 
 						<color>NormalTextColor</color> 
						<label>$INFO[ListItem.Label]</label>
					</control>
					<control type="label">
						<right>60</right>
						<top>40</top>
						<height>50</height>
						<font>font36</font>
						<align>right</align>
						<label>$INFO[ListItem.Property(HighTemperature),[COLOR=HighTemp],[/COLOR]]$INFO[ListItem.Property(LowTemperature), [COLOR=LowTemp],[/COLOR]]</label>
					</control>
					<control type="label">
						<width>1060</width>
						<left>320</left>
						<top>75</top>
						<height>30</height>
						<font>font15</font>
						<label>$LOCALIZE[383]: $INFO[ListItem.Property(WindDirection)] $INFO[ListItem.Property(WindSpeed)]</label>
					</control>
					<control type="textbox">
						<width>1050</width>
						<left>320</left>
						<top>120</top>
						<height>200</height>
						<scrolltime>200</scrolltime>
                    <include content="AutoscrollDefault">
                    </include>
						<label>$INFO[ListItem.Property(DetailedOutlook)]</label>
					</control>

				</focusedlayout>
				<content>
					<item>
						<label>$LOCALIZE[31909]</label>
						<icon/>
						<visible>String.IsEmpty(Window.Property(Daily.IsFetched))</visible>
					</item>
					<include content="weather-daily-item">
						<param name="index" value="1" />
					</include>
					<include content="weather-daily-item">
						<param name="index" value="2" />
					</include>
					<include content="weather-daily-item">
						<param name="index" value="3" />
					</include>
					<include content="weather-daily-item">
						<param name="index" value="4" />
					</include>
					<include content="weather-daily-item">
						<param name="index" value="5" />
					</include>
					<include content="weather-daily-item">
						<param name="index" value="6" />
					</include>
					<include content="weather-daily-item">
						<param name="index" value="7" />
					</include>
					<include content="weather-daily-item">
						<param name="index" value="8" />
					</include>
					<include content="weather-daily-item">
						<param name="index" value="9" />
					</include>
					<include content="weather-daily-item">
						<param name="index" value="10" />
					</include>
					<include content="weather-daily-item">
						<param name="index" value="11" />
					</include>
					<include content="weather-daily-item">
						<param name="index" value="12" />
					</include>
					<include content="weather-daily-item">
						<param name="index" value="13" />
					</include>
					<include content="weather-daily-item">
						<param name="index" value="14" />
					</include>
					<include content="weather-daily-item">
						<param name="index" value="15" />
					</include>
					<include content="weather-daily-item">
						<param name="index" value="16" />
					</include>
					<include content="weather-daily-item">
						<param name="index" value="17" />
					</include>
					<include content="weather-daily-item">
						<param name="index" value="18" />
					</include>
					<include content="weather-daily-item">
						<param name="index" value="19" />
					</include>
					<include content="weather-daily-item">
						<param name="index" value="20" />
					</include>
					<include content="weather-daily-item">
						<param name="index" value="21" />
					</include>
					<include content="weather-daily-item">
						<param name="index" value="22" />
					</include>
					<include content="weather-daily-item">
						<param name="index" value="23" />
					</include>
					<include content="weather-daily-item">
						<param name="index" value="24" />
					</include>

				</content>
			</control>
		</control>
	</include>
</includes>
