<?xml version="1.0" encoding="UTF-8"?>
<includes>
	<!-- expressions -->
<!-- 	<expression name="ArcadeBrightIcons">Container.Content(Episodes) + !Skin.HasSetting(Episodes_900_BrightIcons) | [Container.Content(Movies)| Container.Content(sets)] + -->
<!-- 		!Skin.HasSetting(Movies_900_BrightIcons) | [Container.Content(TVShows)| Container.Content(seasons)] + !Skin.HasSetting(TVShows_900_BrightIcons) | $EXP[GameSupport] + -->
<!-- 		!Skin.HasSetting(Games_900_BrightIcons)</expression> -->
	<expression name="ArcadeHideStars">Container.Content(Episodes) + !Skin.HasSetting(Episodes_900_HideStars) | [Container.Content(Movies)| Container.Content(sets)] +
		!Skin.HasSetting(Movies_900_HideStars) | [Container.Content(TVShows)| Container.Content(seasons)] + !Skin.HasSetting(TVShows_900_HideStars)</expression>
	<expression name="ArcadeHideStudioFlags">Container.Content(Episodes) + !Skin.HasSetting(Episodes_900_HideStudioFlags) | [Container.Content(Movies)| Container.Content(sets)] +
		!Skin.HasSetting(Movies_900_HideStudioFlags) | [Container.Content(TVShows)| Container.Content(seasons)] + !Skin.HasSetting(TVShows_900_HideStudioFlags)</expression>
	<!-- view -->
	<include name="View_900_Arcade">
		<control type="group">
			<description>Furniture</description>
			<visible>Control.IsVisible(900) + !$EXP[isInfoDialog]</visible>
			<control type="group">
				<animation type="Visible" reversible="false">
					<effect type="slide" start="0,400" end="0,0" time="600" tween="sine" easing="in" />
				</animation>
				<animation type="Hidden" reversible="false">
					<effect type="fade" end="0" start="100" time="200" tween="sine" easing="out" />
				</animation>
				<control type="image">
					<left>0</left>
					<top>870</top>
					<width>1920</width>
					<height>80</height>
					<colordiffuse>90000000</colordiffuse>
					<texture flipy="true">lyretex/gradient_h.png</texture>
					<aspectratio>stretch</aspectratio>
				</control>
				<control type="image">
					<left>0</left>
					<top>940</top>
					<width>1920</width>
					<height>10</height>
					<texture flipy="true">lyretex/gradient_h.png</texture>
					<aspectratio>stretch</aspectratio>
				</control>
				<control type="image">
					<left>0</left>
					<top>1000</top>
					<width>1920</width>
					<height>80</height>
					<colordiffuse>FF000000</colordiffuse>
					<texture flipy="true">lyretex/gradient_h.png</texture>
					<aspectratio>stretch</aspectratio>
				</control>
				<control type="image">
					<left>0</left>
					<top>950</top>
					<right>0</right>
					<bottom>0</bottom>
					<texture colordiffuse="66000000" border="5">listselect_fo.png</texture>
				</control>
				<control type="image">
					<left>0</left>
					<top>950</top>
					<right>0</right>
					<bottom>0</bottom>
					<texture colordiffuse="90000000" border="5">menu_fo.png</texture>
				</control>
			</control>
		</control>
		<control type="group">
			<description>Arcade</description>
			<visible>Control.IsVisible(900) + !$EXP[isInfoDialog]</visible>
			<animation type="Conditional" condition="Skin.HasSetting(Arcade.Games.Cirrus)" reversible="true">
				<effect type="zoom" center="auto" start="100" end="100" time="0" />
			</animation>
			<animation type="Visible" reversible="false">
				<effect type="fade" delay="400" time="800" />
				<effect type="zoom" center="auto" start="150" end="100" delay="200" time="400" tween="quadratic" easing="out" />
			</animation>
			<control type="wraplist" id="900">
				<left>0</left>
				<top>580</top>
				<width>4500</width>
				<height>700</height>
				<onleft>900</onleft>
				<onright>900</onright>
				<onup>SetProperty(MediaMenu,True,home)</onup>
				<onup>SetFocus(9050)</onup>
				<onback condition="$EXP[GameSupport] + Player.HasVideo">PlayerControl(Stop)</onback>
				<orientation>horizontal</orientation>
				<scrolltime tween="quadratic" easing="out">400</scrolltime>
				<viewtype label="Arcade">list</viewtype>
				<focusposition>5</focusposition>
				<pagecontrol>60</pagecontrol>
				<autoscroll>false</autoscroll>
				<!-- Alignments -->
				<animation type="Conditional" condition="$EXP[GameSupport] + [$EXP[Detect3ds]]" reversible="true">
					<effect type="slide" start="0,0" end="-833,0" time="0" />
				</animation>
				<animation type="Conditional" condition="$EXP[GameSupport] + [$EXP[DetectWide]]" reversible="true">
					<effect type="slide" start="0,0" end="-1130,0" time="0" />
				</animation>
				<animation type="Conditional" condition="$EXP[GameSupport] + [$EXP[DetectSlim]]" reversible="true">
					<effect type="slide" start="0,0" end="-112,0" time="0" />
				</animation>
				<animation type="Conditional" condition="$EXP[GameSupport] + [$EXP[DetectBluray]]" reversible="true">
					<effect type="slide" start="0,0" end="-437,0" time="0" />
				</animation>
				<animation type="Conditional" condition="$EXP[GameSupport] + [$EXP[DetectSquare]]" reversible="true">
					<effect type="slide" start="0,0" end="-635,0" time="0" />
				</animation>
				<animation type="Conditional"
					condition="[Container.Content(Movies)| Container.Content(sets)] | [Container.Content(TVShows)| Container.Content(seasons)] | $EXP[GameSupport] + !$EXP[KnownGameSystems]"
					reversible="true">
					<effect type="slide" start="0,0" end="-305,0" time="0" />
				</animation>
				<animation type="Conditional" condition="Container.Content(Episodes)" reversible="true">
					<effect type="slide" start="0,0" end="-1845,0" time="0" />
				</animation>
				<!-- 3DS / DS -->
				<itemlayout width="326" height="450" condition="$EXP[GameSupport] + [$EXP[Detect3ds]]">
					<control type="image">
						<left>10</left>
						<top>387</top>
						<width>306</width>
						<height>270</height>
						<texture background="true" colordiffuse="10FFFFFF" flipy="true">$INFO[ListItem.Art(thumb)]</texture>
						<aspectratio>stretch</aspectratio>
						<bordersize>5</bordersize>
						<animation type="Conditional" condition="true" reversible="false">
							<effect type="rotatex" center="387,0" end="90" time="0" />
						</animation>
					</control>
					<control type="image">
						<left>10</left>
						<top>115</top>
						<width>306</width>
						<height>270</height>
						<texture background="true">$INFO[ListItem.Art(thumb)]</texture>
						<aspectratio>stretch</aspectratio>
						<bordertexture border="5" colordiffuse="BorderDiffuse">listselect_fo.png</bordertexture>
						<bordersize>5</bordersize>
					</control>
					<control type="image">
						<left>10</left>
						<top>115</top>
						<width>306</width>
						<height>270</height>
						<texture>overlays/icon-overlay.png</texture>
						<aspectratio>stretch</aspectratio>
						<bordersize>5</bordersize>
  						<visible>Skin.HasSetting(Enable.HighlightFocused)</visible>
					</control>
				</itemlayout>
				<focusedlayout width="326" height="450" condition="$EXP[GameSupport] + [$EXP[Detect3ds]]">
					<control type="group">
						<animation type="Focus" condition="!Skin.HasSetting(Arcade.Games.Mini)" reversible="false">
							<effect type="zoom" center="163,250" start="100" end="126" delay="0" time="800" tween="back" easing="out" />
						</animation>
						<animation type="Unfocus" condition="!Skin.HasSetting(Arcade.Games.Mini)">
							<effect type="zoom" center="163,250" start="126" end="100" time="400" tween="quadratic" easing="out" />
						</animation>
						<control type="image">
							<left>10</left>
							<top>387</top>
							<width>306</width>
							<height>270</height>
<!-- 							<texture colordiffuse="1532C4FF" border="5">listselect_fo.png</texture> -->
							<texture colordiffuse="FocusColor" border="5">listselect_fo.png</texture>
							<animation type="Conditional" condition="true" reversible="false">
								<effect type="rotatex" center="387,0" end="90" time="0" />
							</animation>
							<animation type="Focus" reversible="true">
								<effect type="fade" time="800" />
							</animation>
							<animation type="UnFocus">
								<effect type="fade" start="100" end="0" time="400" />
							</animation>
							<visible>Control.HasFocus(900)</visible>
						</control>
						<control type="image">
							<left>10</left>
							<top>387</top>
							<width>306</width>
							<height>270</height>
							<texture background="true" colordiffuse="10FFFFFF" flipy="true">$INFO[ListItem.Art(thumb)]</texture>
							<aspectratio>stretch</aspectratio>
							<bordersize>5</bordersize>
							<animation type="Conditional" condition="true" reversible="false">
								<effect type="rotatex" center="387,0" end="90" time="0" />
							</animation>
						</control>
						<control type="image">
							<left>10</left>
							<top>115</top>
							<width>306</width>
							<height>270</height>
<!-- 							<texture colordiffuse="FocusColor" border="5">listselect_fo.png</texture> -->
							<texture colordiffuse="FocusColor" border="5">listselect_fo.png</texture>
							<animation type="Focus" reversible="true">
								<effect type="fade" time="800" />
							</animation>
							<animation type="UnFocus">
								<effect type="fade" start="100" end="0" time="400" />
							</animation>
							<visible>Control.HasFocus(900)</visible>
						</control>
						<control type="image">
							<left>10</left>
							<top>115</top>
							<width>306</width>
							<height>270</height>
							<texture background="true">$INFO[ListItem.Art(thumb)]</texture>
							<aspectratio>stretch</aspectratio>
							<bordertexture border="5" colordiffuse="BorderDiffuse">listselect_fo.png</bordertexture>
							<bordersize>5</bordersize>
						</control>
					</control>
				</focusedlayout>
				<!-- PlayStation 3 -->
				<itemlayout width="254" height="450" condition="$EXP[GameSupport] + [$EXP[DetectBluray]]">
					<control type="image">
						<left>14</left>
						<top>388</top>
						<width>226</width>
						<height>270</height>
						<texture background="true" colordiffuse="10FFFFFF" flipy="true">$INFO[ListItem.Art(thumb)]</texture>
						<aspectratio>stretch</aspectratio>
						<bordersize>5</bordersize>
						<animation type="Conditional" condition="true" reversible="false">
							<effect type="rotatex" center="388,0" end="90" time="0" />
						</animation>
					</control>
					<control type="image">
						<description>Icon</description>
						<left>14</left>
						<top>115</top>
						<width>226</width>
						<height>270</height>
						<texture background="true">$INFO[ListItem.Art(thumb)]</texture>
						<aspectratio>stretch</aspectratio>
						<bordertexture border="5" colordiffuse="BorderDiffuse">listselect_fo.png</bordertexture>
						<bordersize>5</bordersize>
					</control>
					<control type="image">
						<left>14</left>
						<top>115</top>
						<width>226</width>
						<height>270</height>
						<texture>overlays/icon-overlay.png</texture>
						<aspectratio>stretch</aspectratio>
						<bordersize>5</bordersize>
  						<visible>Skin.HasSetting(Enable.HighlightFocused)</visible>
					</control>
				</itemlayout>
				<focusedlayout width="254" height="450" condition="$EXP[GameSupport] + [$EXP[DetectBluray]]">
					<control type="group">
						<visible>$EXP[GameSupport] + Skin.HasSetting(Arcade.Trailers)</visible>
						<include>GameTrailerAutoplay</include>
					</control>
					<control type="group">
						<animation type="Focus" condition="!Skin.HasSetting(Arcade.Games.Mini)" reversible="false">
							<effect type="zoom" center="127,250" start="100" end="130" time="800" tween="back" easing="out" />
						</animation>
						<animation type="Unfocus" condition="!Skin.HasSetting(Arcade.Games.Mini)">
							<effect type="zoom" center="127,250" start="130" end="100" time="400" tween="quadratic" easing="out" />
						</animation>
						<control type="image">
							<left>14</left>
							<top>388</top>
							<width>226</width>
							<height>270</height>
<!-- 							<texture colordiffuse="1832C4FF" border="5">listselect_fo.png</texture> -->
							<texture colordiffuse="FocusColor" border="5">listselect_fo.png</texture>
							<animation type="Conditional" condition="true" reversible="false">
								<effect type="rotatex" center="388,0" end="90" time="0" />
							</animation>
							<animation type="Focus" reversible="false">
								<effect type="fade" time="800" />
							</animation>
							<animation type="UnFocus" reversible="false">
								<effect type="fade" start="100" end="0" time="400" />
							</animation>
						</control>
						<control type="image">
							<left>14</left>
							<top>388</top>
							<width>226</width>
							<height>270</height>
							<texture background="true" colordiffuse="15FFFFFF" flipy="true">$INFO[ListItem.Art(thumb)]</texture>
							<aspectratio>stretch</aspectratio>
							<bordersize>5</bordersize>
							<animation type="Conditional" condition="true" reversible="false">
								<effect type="rotatex" center="388,0" end="90" time="0" />
							</animation>
						</control>
						<control type="image">
							<left>14</left>
							<top>115</top>
							<width>226</width>
							<height>270</height>
							<texture colordiffuse="FocusColor" border="5">listselect_fo.png</texture>
<!-- 							<texture colordiffuse="FocusColor" border="5">listselect_fo.png</texture> -->
							<animation type="Focus" reversible="false">
								<effect type="fade" time="800" />
							</animation>
							<animation type="UnFocus" reversible="false">
								<effect type="fade" start="100" end="0" time="400" />
							</animation>
						</control>
						<control type="image">
							<left>14</left>
							<top>115</top>
							<width>226</width>
							<height>270</height>
							<texture background="true">$INFO[ListItem.Art(thumb)]</texture>
							<aspectratio>stretch</aspectratio>
							<bordertexture border="5" colordiffuse="BorderDiffuse">listselect_fo.png</bordertexture>
							<bordersize>5</bordersize>
						</control>
					</control>
				</focusedlayout>
				<!-- PlayStation Portable -->
				<itemlayout width="195" height="450" condition="$EXP[GameSupport] + [$EXP[DetectSlim]]">
					<control type="image">
						<left>8</left>
						<top>384</top>
						<width>180</width>
						<height>316</height>
						<texture background="true" colordiffuse="10FFFFFF" flipy="true">$INFO[ListItem.Art(thumb)]</texture>
						<aspectratio>stretch</aspectratio>
						<bordersize>5</bordersize>
						<animation type="Conditional" condition="true" reversible="false">
							<effect type="rotatex" center="386,0" end="90" time="0" />
						</animation>
					</control>
					<control type="image">
						<left>8</left>
						<top>68</top>
						<width>180</width>
						<height>316</height>
						<texture background="true">$INFO[ListItem.Art(thumb)]</texture>
						<aspectratio>stretch</aspectratio>
						<bordertexture border="5" colordiffuse="BorderDiffuse">listselect_fo.png</bordertexture>
						<bordersize>5</bordersize>
					</control>
					<control type="image">
						<left>8</left>
						<top>68</top>
						<width>180</width>
						<height>316</height>
						<texture>overlays/icon-overlay.png</texture>
						<aspectratio>stretch</aspectratio>
						<bordersize>5</bordersize>
  						<visible>Skin.HasSetting(Enable.HighlightFocused)</visible>
					</control>
				</itemlayout>
				<focusedlayout width="195" height="450" condition="$EXP[GameSupport] + [$EXP[DetectSlim]]">
					<control type="group">
						<visible>$EXP[GameSupport] + Skin.HasSetting(Arcade.Trailers)</visible>
						<include>GameTrailerAutoplay</include>
					</control>
					<control type="group">
						<animation type="Focus" condition="!Skin.HasSetting(Arcade.Games.Mini)" reversible="false">
							<effect type="zoom" center="97.5,210" start="100" end="125" time="800" tween="back" easing="out" />
						</animation>
						<animation type="Unfocus" condition="!Skin.HasSetting(Arcade.Games.Mini)">
							<effect type="zoom" center="97.5,210" start="125" end="100" time="400" tween="quadratic" easing="out" />
						</animation>
						<control type="image">
							<left>8</left>
							<top>384</top>
							<width>180</width>
							<height>316</height>
<!-- 							<texture colordiffuse="1532C4FF" border="5">listselect_fo.png</texture> -->
							<texture colordiffuse="FocusColor" border="5">listselect_fo.png</texture>
							<animation type="Conditional" condition="true" reversible="false">
								<effect type="rotatex" center="386,0" end="90" time="0" />
							</animation>
							<animation type="Focus" reversible="true">
								<effect type="fade" time="800" />
							</animation>
							<animation type="UnFocus">
								<effect type="fade" start="100" end="0" time="400" />
							</animation>
							<visible>Control.HasFocus(900)</visible>
						</control>
						<control type="image">
							<left>8</left>
							<top>384</top>
							<width>180</width>
							<height>316</height>
							<texture background="true" colordiffuse="15FFFFFF" flipy="true">$INFO[ListItem.Art(thumb)]</texture>
							<aspectratio>stretch</aspectratio>
							<bordersize>5</bordersize>
							<animation type="Conditional" condition="true" reversible="false">
								<effect type="rotatex" center="386,0" end="90" time="0" />
							</animation>
						</control>
						<control type="image">
							<left>8</left>
							<top>68</top>
							<width>180</width>
							<height>316</height>
							<texture colordiffuse="FocusColor" border="5">listselect_fo.png</texture>
<!-- 							<texture colordiffuse="FocusColor" border="5">listselect_fo.png</texture> -->
							<animation type="Focus" reversible="true">
								<effect type="fade" time="800" />
							</animation>
							<animation type="UnFocus">
								<effect type="fade" start="100" end="0" time="400" />
							</animation>
							<visible>Control.HasFocus(900)</visible>
						</control>
						<control type="image">
							<left>8</left>
							<top>68</top>
							<width>180</width>
							<height>316</height>
							<texture background="true">$INFO[ListItem.Art(thumb)]</texture>
							<aspectratio>stretch</aspectratio>
							<bordertexture border="5" colordiffuse="BorderDiffuse">listselect_fo.png</bordertexture>
							<bordersize>5</bordersize>
						</control>
					</control>
				</focusedlayout>
				<!-- Super Nintendo / Nintendo 64 -->
				<itemlayout width="380" height="450" condition="$EXP[GameSupport] + [$EXP[DetectWide]]">
					<control type="image">
						<left>10</left>
						<top>384</top>
						<width>360</width>
						<height>262</height>
						<texture background="true" colordiffuse="10FFFFFF" flipy="true">$INFO[ListItem.Art(thumb)]</texture>
						<aspectratio>stretch</aspectratio>
						<bordersize>5</bordersize>
						<animation type="Conditional" condition="true" reversible="false">
							<effect type="rotatex" center="384,0" end="90" time="0" />
						</animation>
					</control>
					<control type="image">
						<left>10</left>
						<top>120</top>
						<width>360</width>
						<height>262</height>
						<texture background="true">$INFO[ListItem.Art(thumb)]</texture>
						<aspectratio>stretch</aspectratio>
						<bordertexture border="5" colordiffuse="BorderDiffuse">listselect_fo.png</bordertexture>
						<bordersize>5</bordersize>
					</control>
					<control type="image">
						<left>10</left>
						<top>120</top>
						<width>360</width>
						<height>262</height>
						<texture>overlays/icon-overlay.png</texture>
						<aspectratio>stretch</aspectratio>
						<bordersize>5</bordersize>
  						<visible>Skin.HasSetting(Enable.HighlightFocused)</visible>
					</control>
				</itemlayout>
				<focusedlayout width="380" height="450" condition="$EXP[GameSupport] + [$EXP[DetectWide]]">
					<control type="group">
						<animation type="Focus" condition="!Skin.HasSetting(Arcade.Games.Mini)" reversible="false">
							<effect type="zoom" center="190,256" start="100" end="129" time="800" tween="back" easing="out" />
						</animation>
						<animation type="Unfocus" condition="!Skin.HasSetting(Arcade.Games.Mini)">
							<effect type="zoom" center="190,256" start="129" end="100" time="400" tween="quadratic" easing="out" />
						</animation>
						<control type="image">
							<left>10</left>
							<top>384</top>
							<width>360</width>
							<height>262</height>
<!-- 							<texture colordiffuse="1832C4FF" border="5">listselect_fo.png</texture> -->
							<texture colordiffuse="FocusColor" border="5">listselect_fo.png</texture>
							<animation type="Conditional" condition="true" reversible="false">
								<effect type="rotatex" center="384,0" end="90" time="0" />
							</animation>
							<animation type="Focus" reversible="true">
								<effect type="fade" time="800" />
							</animation>
							<animation type="UnFocus">
								<effect type="fade" start="100" end="0" time="400" />
							</animation>
							<visible>Control.HasFocus(900)</visible>
						</control>
						<control type="image">
							<left>10</left>
							<top>384</top>
							<width>360</width>
							<height>262</height>
							<texture background="true" colordiffuse="15FFFFFF" flipy="true">$INFO[ListItem.Art(thumb)]</texture>
							<aspectratio>stretch</aspectratio>
							<bordersize>5</bordersize>
							<animation type="Conditional" condition="true" reversible="false">
								<effect type="rotatex" center="384,0" end="90" time="0" />
							</animation>
						</control>
						<control type="image">
							<left>10</left>
							<top>120</top>
							<width>360</width>
							<height>262</height>
							<texture colordiffuse="FocusColor" border="5">listselect_fo.png</texture>
<!-- 							<texture colordiffuse="FocusColor" border="5">listselect_fo.png</texture> -->
							<animation type="Focus" reversible="true">
								<effect type="fade" time="800" />
							</animation>
							<animation type="UnFocus">
								<effect type="fade" start="100" end="0" time="400" />
							</animation>
							<visible>Control.HasFocus(900)</visible>
						</control>
						<control type="image">
							<left>10</left>
							<top>120</top>
							<width>360</width>
							<height>262</height>
							<texture background="true">$INFO[ListItem.Art(thumb)]</texture>
							<aspectratio>stretch</aspectratio>
							<bordertexture border="5" colordiffuse="BorderDiffuse">listselect_fo.png</bordertexture>
							<bordersize>5</bordersize>
						</control>
					</control>
				</focusedlayout>
				<!-- Square -->
				<itemlayout width="290" height="450" condition="$EXP[GameSupport] + [$EXP[DetectSquare]]">
					<control type="image">
						<left>10</left>
						<top>387</top>
						<width>270</width>
						<height>270</height>
						<texture background="true" colordiffuse="10FFFFFF" flipy="true">$INFO[ListItem.Art(thumb)]</texture>
						<aspectratio>stretch</aspectratio>
						<bordersize>5</bordersize>
						<animation type="Conditional" condition="true" reversible="false">
							<effect type="rotatex" center="387,0" end="90" time="0" />
						</animation>
						<visible>!Skin.HasSetting(Arcade.Games.Cirrus)</visible>
					</control>
					<control type="image">
						<left>10</left>
						<top>115</top>
						<width>270</width>
						<height>270</height>
						<texture background="true">$INFO[ListItem.Art(thumb)]</texture>
						<aspectratio>stretch</aspectratio>
						<bordertexture border="5" colordiffuse="BorderDiffuse">listselect_fo.png</bordertexture>
						<bordersize>5</bordersize>
					</control>
					<control type="image">
						<left>10</left>
						<top>115</top>
						<width>270</width>
						<height>270</height>
						<texture>overlays/icon-overlay.png</texture>
						<aspectratio>stretch</aspectratio>
						<bordersize>5</bordersize>
  						<visible>Skin.HasSetting(Enable.HighlightFocused)</visible>
					</control>
				</itemlayout>
				<focusedlayout width="290" height="450" condition="$EXP[GameSupport] + [$EXP[DetectSquare]]">
					<control type="group">
						<visible>$EXP[GameSupport] + Skin.HasSetting(Arcade.Trailers)</visible>
						<include>GameTrailerAutoplay</include>
					</control>
					<control type="group">
						<animation type="Focus" condition="!Skin.HasSetting(Arcade.Games.Mini)" reversible="false">
							<effect type="zoom" center="145,250" start="100" end="126" delay="0" time="800" tween="back" easing="out" />
						</animation>
						<animation type="Unfocus" condition="!Skin.HasSetting(Arcade.Games.Mini)">
							<effect type="zoom" center="145,250" start="126" end="100" time="400" tween="quadratic" easing="out" />
						</animation>
						<control type="group">
							<description>Reflections</description>
							<visible>!Skin.HasSetting(Arcade.Games.Cirrus)</visible>
							<animation type="Conditional" condition="true" reversible="false">
								<effect type="rotatex" center="387,0" end="90" time="0" />
							</animation>
							<control type="image">
								<left>10</left>
								<top>387</top>
								<width>270</width>
								<height>270</height>
<!-- 								<texture colordiffuse="1832C4FF" border="5">listselect_fo.png</texture> -->
								<texture colordiffuse="FocusColor" border="5">listselect_fo.png</texture>
								<animation type="Focus" reversible="true">
									<effect type="fade" time="800" />
								</animation>
								<animation type="UnFocus">
									<effect type="fade" start="100" end="0" time="0" />
								</animation>
							</control>
							<control type="image">
								<left>10</left>
								<top>387</top>
								<width>270</width>
								<height>270</height>
								<texture background="true" colordiffuse="10FFFFFF" flipy="true">$INFO[ListItem.Art(thumb)]</texture>
								<aspectratio>stretch</aspectratio>
								<bordersize>5</bordersize>
							</control>
						</control>
						<control type="image">
							<left>10</left>
							<top>115</top>
							<width>270</width>
							<height>270</height>
							<texture colordiffuse="FocusColor" border="5">listselect_fo.png</texture>
<!-- 							<texture colordiffuse="FocusColor" border="5">listselect_fo.png</texture> -->
							<!--<animation type="Focus" condition="Skin.HasSetting(Arcade.Games.Cirrus)" reversible="false"> <effect type="zoom" center="auto" start="100" end="126" delay="0" time="800" 
								tween="back" easing="out" /> </animation> -->
							<animation type="Focus" reversible="true">
								<effect type="fade" time="400" />
							</animation>
							<animation type="UnFocus">
								<effect type="fade" start="100" end="0" time="100" />
							</animation>
						</control>
						<control type="image">
							<left>10</left>
							<top>115</top>
							<width>270</width>
							<height>270</height>
							<texture background="true">$INFO[ListItem.Art(thumb)]</texture>
							<aspectratio>stretch</aspectratio>
							<bordertexture border="5" colordiffuse="BorderDiffuse">listselect_fo.png</bordertexture>
							<bordersize>5</bordersize>
							<!--<animation type="Focus" condition="Skin.HasSetting(Arcade.Games.Cirrus)" reversible="false"> <effect type="zoom" center="auto" start="100" end="126" delay="0" time="800" 
								tween="back" easing="out" /> </animation> -->
						</control>
					</control>
				</focusedlayout>
				<!-- Poster -->
				<itemlayout width="230" height="500"
					condition="[Container.Content(Movies)| Container.Content(sets)] | [Container.Content(TVShows)| Container.Content(seasons)] | $EXP[GameSupport] + !$EXP[KnownGameSystems]">
					<control type="image">
						<left>10</left>
						<top>384</top>
						<width>210</width>
						<height>316</height>
						<texture background="true" colordiffuse="15FFFFFF" flipy="true">$INFO[ListItem.Art(poster)]</texture>
						<aspectratio>stretch</aspectratio>
						<bordersize>5</bordersize>
						<animation type="Conditional" condition="true" reversible="false">
							<effect type="rotatex" center="386,0" end="90" time="0" />
						</animation>
					</control>
					<control type="image">
						<left>10</left>
						<top>68</top>
						<width>210</width>
						<height>316</height>
						<texture background="true">$INFO[ListItem.Art(poster)]</texture>
						<aspectratio>stretch</aspectratio>
						<bordertexture border="5" colordiffuse="BorderDiffuse">listselect_fo.png</bordertexture>
						<bordersize>5</bordersize>
					</control>
					<control type="image">
						<left>10</left>
						<top>68</top>
						<width>210</width>
						<height>316</height>
						<texture>overlays/icon-overlay.png</texture>
						<aspectratio>stretch</aspectratio>
						<bordersize>5</bordersize>
  						<visible>Skin.HasSetting(Enable.HighlightFocused)</visible>
					</control>
					<include content="OverlayIcons">
						<param name="OverlayLeft" value="10" />
						<param name="OverlayTop" value="70" />
					</include>
				</itemlayout>
				<focusedlayout width="230" height="500"
					condition="Container.Content(sets) | Container.Content(seasons) | Container.Content(Movies) | Container.Content(TVShows) | $EXP[GameSupport] + !$EXP[KnownGameSystems]">
					<control type="group">
						<visible>$EXP[GameSupport] + Skin.HasSetting(Arcade.Trailers)</visible>
						<include>GameTrailerAutoplay</include>
					</control>
					<control type="group">
						<animation type="Focus"
							condition="[Container.Content(Movies)| Container.Content(sets)] + !Skin.HasSetting(ArcadeMoviesMini) | [Container.Content(TVShows)| Container.Content(seasons)] + !Skin.HasSetting(ArcadeTVShowsMini) | $EXP[GameSupport] + !Skin.HasSetting(ArcadeGamesMini)"
							reversible="false">
							<effect type="zoom" center="119,216" start="100" end="127" time="800" tween="back" easing="out" />
						</animation>
						<animation type="Unfocus"
							condition="[Container.Content(Movies)| Container.Content(sets)] + !Skin.HasSetting(ArcadeMoviesMini) | [Container.Content(TVShows)| Container.Content(seasons)] + !Skin.HasSetting(ArcadeTVShowsMini) | $EXP[GameSupport] + !Skin.HasSetting(ArcadeGamesMini)">
							<effect type="zoom" center="119,216" start="127" end="100" time="400" tween="quadratic" easing="out" />
						</animation>
						<control type="image">
							<left>10</left>
							<top>384</top>
							<width>210</width>
							<height>316</height>
							<texture colordiffuse="FocusColor" border="5">listselect_fo.png</texture>
<!-- 							<texture colordiffuse="1832C4FF" border="5">listselect_fo.png</texture> -->
							<animation type="Conditional" condition="true" reversible="false">
								<effect type="rotatex" center="386,0" end="90" time="0" />
							</animation>
							<animation type="Focus" reversible="true">
								<effect type="fade" time="800" />
							</animation>
							<animation type="UnFocus">
								<effect type="fade" start="100" end="0" time="400" />
							</animation>
						</control>
						<control type="image">
							<left>10</left>
							<top>384</top>
							<width>210</width>
							<height>316</height>
							<texture background="true" colordiffuse="10FFFFFF" flipy="true">$INFO[ListItem.Art(poster)]</texture>
							<aspectratio>stretch</aspectratio>
							<bordersize>5</bordersize>
							<animation type="Conditional" condition="true" reversible="false">
								<effect type="rotatex" center="386,0" end="90" time="0" />
							</animation>
						</control>
						<control type="image">
							<left>10</left>
							<top>68</top>
							<width>210</width>
							<height>316</height>
							<texture colordiffuse="FocusColor" border="5">listselect_fo.png</texture>
<!-- 							<texture colordiffuse="FocusColor" border="5">listselect_fo.png</texture> -->
							<animation type="Focus" reversible="true">
								<effect type="fade" time="800" />
							</animation>
							<animation type="UnFocus">
								<effect type="fade" start="100" end="0" time="400" />
							</animation>
						</control>
						<control type="image">
							<left>10</left>
							<top>68</top>
							<width>210</width>
							<height>316</height>
							<texture background="true">$INFO[ListItem.Art(poster)]</texture>
							<aspectratio>stretch</aspectratio>
							<bordertexture border="5" colordiffuse="BorderDiffuse">listselect_fo.png</bordertexture>
							<bordersize>5</bordersize>
						</control>
						<include content="OverlayIcons">
							<param name="OverlayLeft" value="10" />
							<param name="OverlayTop" value="70" />
						</include>
					</control>
				</focusedlayout>
				<!-- Widescreen -->
				<itemlayout width="510" height="450" condition="Container.Content(Episodes)">
					<control type="group">
						<control type="image">
							<left>15</left>
							<top>388</top>
							<width>480</width>
							<height>270</height>
							<fadetime>400</fadetime>
							<texture background="true" colordiffuse="15FFFFFF" flipy="true">$VAR[FanartIconVar]</texture>
							<aspectratio>stretch</aspectratio>
							<bordersize>5</bordersize>
							<animation type="Conditional" condition="true" reversible="false">
								<effect type="rotatex" center="388,0" end="90" time="0" />
							</animation>
						</control>
					</control>
					<control type="image">
						<left>15</left>
						<top>115</top>
						<width>480</width>
						<height>270</height>
						<fadetime>400</fadetime>
						<texture background="true">$VAR[FanartIconVar]</texture>
						<aspectratio>stretch</aspectratio>
						<bordertexture border="5" colordiffuse="BorderDiffuse">listselect_fo.png</bordertexture>
						<bordersize>5</bordersize>
					</control>
					<control type="image">
						<left>15</left>
						<top>115</top>
						<width>480</width>
						<height>270</height>
						<texture>overlays/icon-overlay.png</texture>
						<aspectratio>stretch</aspectratio>
						<bordersize>5</bordersize>
  						<visible>Skin.HasSetting(Enable.HighlightFocused)</visible>
					</control>
					<control type="group">
						<description>Label Group</description>
						<visible>!Skin.HasSetting(Episodes_900_HideLabels)</visible>
						<control type="image">
							<left>20</left>
							<top>280</top>
							<width>470</width>
							<height>100</height>
							<colordiffuse>99000000</colordiffuse>
							<texture>menu_fo.png</texture>
							<aspectratio>stretch</aspectratio>
						</control>
						<control type="label">
							<left>50</left>
							<top>300</top>
							<width>435</width>
							<height>20</height>
							<align>left</align>
							<aligny>center</aligny>
							<textcolor>TitleTextColor</textcolor>
							<font>font20</font>
							<label>$INFO[ListItem.Label]</label>
							<scroll>false</scroll>
						</control>
						<control type="label">
							<left>50</left>
							<top>338</top>
							<width>435</width>
							<height>20</height>
							<align>left</align>
							<aligny>center</aligny>
							<textcolor>AltTextColor</textcolor>
							<font>font10</font>
							<label>[UPPERCASE]$INFO[ListItem.Year] [COLOR=NormalTextColor]•[/COLOR] $INFO[ListItem.Genre][/UPPERCASE]</label>
							<scroll>false</scroll>
						</control>
						<include content="OverlayIcons">
							<param name="OverlayLeft" value="10" />
							<param name="OverlayTop" value="70" />
						</include>
					</control>
				</itemlayout>
				<focusedlayout width="510" height="450" condition="Container.Content(Episodes)">
					<control type="group">
						<animation type="Focus" condition="Container.Content(Episodes) + !Skin.HasSetting(ArcadeEpisodesMini)" reversible="false">
							<effect type="zoom" center="255,255" start="100" end="125" time="800" tween="back" easing="out" />
						</animation>
						<animation type="Unfocus" condition="Container.Content(Episodes) + !Skin.HasSetting(ArcadeEpisodesMini)">
							<effect type="zoom" center="255,255" start="125" end="100" time="400" tween="quadratic" easing="out" />
						</animation>
						<control type="image">
							<left>15</left>
							<top>388</top>
							<width>480</width>
							<height>270</height>
							<texture colordiffuse="FocusColor" border="5">listselect_fo.png</texture>
<!-- 							<texture colordiffuse="1532C4FF" border="5">listselect_fo.png</texture> -->
							<animation type="Conditional" condition="true" reversible="false">
								<effect type="rotatex" center="388,0" end="90" time="0" />
							</animation>
							<animation type="Focus" reversible="true">
								<effect type="fade" time="800" />
							</animation>
							<animation type="UnFocus">
								<effect type="fade" start="100" end="0" time="400" />
							</animation>
							<visible>Control.HasFocus(900)</visible>
						</control>
						<control type="image">
							<left>15</left>
							<top>388</top>
							<width>480</width>
							<height>270</height>
							<texture background="true" colordiffuse="15FFFFFF" flipy="true">$VAR[FanartIconVar]</texture>
							<aspectratio>stretch</aspectratio>
							<bordersize>5</bordersize>
							<animation type="Conditional" condition="true" reversible="false">
								<effect type="rotatex" center="388,0" end="90" time="0" />
							</animation>
						</control>
						<control type="image">
							<left>15</left>
							<top>115</top>
							<width>480</width>
							<height>270</height>
							<texture colordiffuse="FocusColor" border="5">listselect_fo.png</texture>
<!-- 							<texture colordiffuse="FocusColor" border="5">listselect_fo.png</texture> -->
							<animation type="Focus" reversible="true">
								<effect type="fade" time="800" />
							</animation>
							<animation type="UnFocus">
								<effect type="fade" start="100" end="0" time="400" />
							</animation>
							<visible>Control.HasFocus(900)</visible>
						</control>
						<control type="image">
							<left>15</left>
							<top>115</top>
							<width>480</width>
							<height>270</height>
							<texture background="true" fallback="citristex/fallback_ws.jpg">$VAR[FanartIconVar]</texture>
							<aspectratio>stretch</aspectratio>
							<bordertexture border="5" colordiffuse="BorderDiffuse">listselect_fo.png</bordertexture>
							<bordersize>5</bordersize>
						</control>
						<control type="group">
							<description>Label Group</description>
							<visible>!Skin.HasSetting(Episodes_900_HideLabels)</visible>
							<animation type="Focus" reversible="true">
								<effect type="fade" start="100" end="0" time="200" />
							</animation>
							<animation type="Unfocus">
								<effect type="fade" start="0" end="100" time="400" />
							</animation>
							<control type="image">
								<left>20</left>
								<top>280</top>
								<width>470</width>
								<height>100</height>
								<colordiffuse>99000000</colordiffuse>
								<texture>menu_fo.png</texture>
								<aspectratio>stretch</aspectratio>
							</control>
							<control type="label">
								<left>50</left>
								<top>300</top>
								<width>435</width>
								<height>20</height>
								<align>left</align>
								<aligny>center</aligny>
								<textcolor>TitleTextColor</textcolor>
								<font>font20</font>
								<label>$INFO[ListItem.Label]</label>
								<scroll>false</scroll>
							</control>
							<control type="label">
								<left>50</left>
								<top>338</top>
								<width>435</width>
								<height>20</height>
								<align>left</align>
								<aligny>center</aligny>
								<textcolor>AltTextColor</textcolor>
								<font>font10</font>
								<label>[UPPERCASE]$INFO[ListItem.Year] [COLOR=NormalTextColor]•[/COLOR] $INFO[ListItem.Genre][/UPPERCASE]</label>
								<scroll>false</scroll>
							</control>
							<include content="OverlayIcons">
								<param name="OverlayLeft" value="10" />
								<param name="OverlayTop" value="70" />
							</include>
						</control>
					</control>
				</focusedlayout>
			</control>
		</control>
		<control type="group">
			<description>Metadata for Arcade</description>
			<visible>Control.IsVisible(900) + !$EXP[isInfoDialog]</visible>
			<control type="group">
				<control type="group">
					<description>Default</description>
					<visible>Container.Content(Episodes) + [!Skin.HasSetting(ArcadeEpisodesReversed) + !Skin.HasSetting(ArcadeEpisodesBigInfo) + !Skin.HasSetting(ArcadeEpisodesMini)] |
						[Container.Content(Movies) | Container.Content(sets)] + [!Skin.HasSetting(ArcadeMoviesReversed) + !Skin.HasSetting(ArcadeMoviesBigInfo) + !Skin.HasSetting(ArcadeMoviesMini)]
						| [Container.Content(TVShows)| Container.Content(seasons)] + [!Skin.HasSetting(ArcadeTVShowsReversed) + !Skin.HasSetting(ArcadeTVShowsBigInfo) +
						!Skin.HasSetting(ArcadeTVShowsMini)] | $EXP[GameSupport] + [!Skin.HasSetting(Arcade.Games.Reversed) + !Skin.HasSetting(Arcade.Games.Adaptive) +
						!Skin.HasSetting(Arcade.Games.Mini) + !Skin.HasSetting(Arcade.Games.BigInfo)]</visible>
					<include>Arcade.Template.Default</include>
					<animation type="Visible">
						<effect type="fade" time="800" />
					</animation>
				</control>
				<control type="group">
					<description>Reversed</description>
					<visible>Container.Content(Episodes) + Skin.HasSetting(ArcadeEpisodesReversed) | [Container.Content(Movies) | Container.Content(sets)] + Skin.HasSetting(ArcadeMoviesReversed)
						| [Container.Content(TVShows)| Container.Content(seasons)] + Skin.HasSetting(ArcadeTVShowsReversed) | $EXP[GameSupport] + Skin.HasSetting(Arcade.Games.Reversed)</visible>
					<include>Arcade.Template.Reversed</include>
					<animation type="Visible">
						<effect type="fade" time="800" />
					</animation>
				</control>
				<control type="group">
					<description>Adaptive</description>
					<visible>$EXP[GameSupport] + Skin.HasSetting(Arcade.Games.Adaptive)</visible>
					<include>Arcade.Template.Adaptive</include>
					<animation type="Visible">
						<effect type="fade" time="800" />
					</animation>
				</control>
				<control type="group">
					<description>Mini</description>
					<visible>Container.Content(Episodes) + Skin.HasSetting(ArcadeEpisodesMini) | [Container.Content(Movies)| Container.Content(sets)] + Skin.HasSetting(ArcadeMoviesMini) |
						[Container.Content(TVShows)| Container.Content(seasons)] + Skin.HasSetting(ArcadeTVShowsMini) | $EXP[GameSupport] + Skin.HasSetting(Arcade.Games.Mini)</visible>
					<include>Arcade.Template.Mini</include>
					<animation type="Visible">
						<effect type="fade" time="800" />
					</animation>
				</control>
				<control type="group">
					<description>Big Info</description>
					<visible>Container.Content(Episodes) + Skin.HasSetting(ArcadeEpisodesBigInfo) | [Container.Content(Movies)| Container.Content(sets)] + Skin.HasSetting(ArcadeMoviesBigInfo) |
						[Container.Content(TVShows)| Container.Content(seasons)] + Skin.HasSetting(ArcadeTVShowsBigInfo) | $EXP[GameSupport] + Skin.HasSetting(Arcade.Games.BigInfo)</visible>
					<include>Arcade.Template.BigInfo</include>
					<animation type="Visible">
						<effect type="fade" time="800" />
					</animation>
				</control>
			</control>
		</control>
	</include>
	<!-- Arcade Options -->
	<include name="ArcadeOptions">
		<control type="button" id="90010">
			<description>Layout Selector (Movies)</description>
			<label>89010</label>
			<label2>$VAR[LayoutLabelVar]</label2>
			<include>ButtonCommonValues</include>
			<onclick>Skin.SelectBool(89010, 90001|Arcade.Default, 90002|ArcadeMoviesReversed, 90004|ArcadeMoviesBigInfo, 90005|ArcadeMoviesMini)</onclick>
			<visible>Control.IsVisible(900) + [Container.Content(Movies)| Container.Content(sets)]</visible>
		</control>
		<control type="button" id="90011">
			<description>Art Selector (Movies)</description>
			<label>89000</label>
			<label2>$VAR[ImageLabelVar]</label2>
			<include>ButtonCommonValues</include>
			<enable>!Skin.HasSetting(ArcadeMoviesBigInfo) + !Skin.HasSetting(ArcadeMoviesMini)</enable>
			<onclick>Skin.SelectBool(89000, 20445|, 89003|Movies_900_Landscape)</onclick>
			<visible>Control.IsVisible(900) + [Container.Content(Movies)| Container.Content(sets)]</visible>
		</control>
<!-- 		<control type="radiobutton" id="90012"> -->
<!-- 			<description>Bright Icons (Movies)</description> -->
<!-- 			<label>90945</label> -->
<!-- 			<include>ButtonCommonValues</include> -->
<!-- 			<onclick>Skin.ToggleSetting(Movies_900_BrightIcons)</onclick> -->
<!-- 			<visible>Control.IsVisible(900) + [Container.Content(Movies)| Container.Content(sets)]</visible> -->
<!-- 		</control> -->
		<control type="radiobutton" id="90013">
			<description>Hide Star Rating (Movies)</description>
			<label>90947</label>
			<include>ButtonCommonValues</include>
			<enable>!Skin.HasSetting(ArcadeMoviesBigInfo) + !Skin.HasSetting(ArcadeMoviesMini)</enable>
			<onclick>Skin.ToggleSetting(Movies_900_HideStars)</onclick>
			<visible>Control.IsVisible(900) + [Container.Content(Movies)| Container.Content(sets)]</visible>
		</control>
		<control type="radiobutton" id="90014">
			<description>Hide Studio Flags (Movies)</description>
			<label>90948</label>
			<include>ButtonCommonValues</include>
			<enable>!Skin.HasSetting(ArcadeMoviesBigInfo) + !Skin.HasSetting(ArcadeMoviesMini)</enable>
			<onclick>Skin.ToggleSetting(Movies_900_HideStudioFlags)</onclick>
			<visible>Control.IsVisible(900) + [Container.Content(Movies)| Container.Content(sets)]</visible>
		</control>
		<control type="button" id="90020">
			<description>Layout Selector (TV Shows)</description>
			<label>89010</label>
			<label2>$VAR[LayoutLabelVar]</label2>
			<include>ButtonCommonValues</include>
			<onclick>Skin.SelectBool(89010, 90001|Arcade.Default, 90002|ArcadeTVShowsReversed, 90004|ArcadeTVShowsBigInfo, 90005|ArcadeTVShowsMini)</onclick>
			<visible>Control.IsVisible(900) + [Container.Content(TVShows)| Container.Content(seasons)]</visible>
		</control>
		<control type="button" id="90021">
			<description>Art Selector (TVShows)</description>
			<label>89000</label>
			<label2>$VAR[ImageLabelVar]</label2>
			<include>ButtonCommonValues</include>
			<enable>!Skin.HasSetting(ArcadeTVShowsBigInfo) + !Skin.HasSetting(ArcadeTVShowsMini)</enable>
			<onclick>Skin.SelectBool(89000, 20445|, 89003|TVShows_900_Landscape)</onclick>
			<visible>Control.IsVisible(900) + [Container.Content(TVShows)| Container.Content(seasons)]</visible>
		</control>
<!-- 		<control type="radiobutton" id="90022"> -->
<!-- 			<description>Bright Icons (TVShows)</description> -->
<!-- 			<label>90945</label> -->
<!-- 			<include>ButtonCommonValues</include> -->
<!-- 			<onclick>Skin.ToggleSetting(TVShows_900_BrightIcons)</onclick> -->
<!-- 			<visible>Control.IsVisible(900) + [Container.Content(TVShows)| Container.Content(seasons)]</visible> -->
<!-- 		</control> -->
		<control type="radiobutton" id="90023">
			<description>Hide Star Rating (TVShows)</description>
			<label>90947</label>
			<include>ButtonCommonValues</include>
			<enable>!Skin.HasSetting(ArcadeTVShowsBigInfo) + !Skin.HasSetting(ArcadeTVShowsMini)</enable>
			<onclick>Skin.ToggleSetting(TVShows_900_HideStars)</onclick>
			<visible>Control.IsVisible(900) + [Container.Content(TVShows)| Container.Content(seasons)]</visible>
		</control>
		<control type="radiobutton" id="90024">
			<description>Hide Studio Flags (TVShows)</description>
			<label>90948</label>
			<include>ButtonCommonValues</include>
			<enable>!Skin.HasSetting(ArcadeTVShowsBigInfo) + !Skin.HasSetting(ArcadeTVShowsMini)</enable>
			<onclick>Skin.ToggleSetting(TVShows_900_HideStudioFlags)</onclick>
			<visible>Control.IsVisible(900) + [Container.Content(TVShows)| Container.Content(seasons)]</visible>
		</control>
		<control type="button" id="90030">
			<description>Layout Selector (Episodes)</description>
			<label>89010</label>
			<label2>$VAR[LayoutLabelVar]</label2>
			<include>ButtonCommonValues</include>
			<onclick>Skin.SelectBool(89010, 90001|Arcade.Default, 90002|ArcadeEpisodesReversed, 90004|ArcadeEpisodesBigInfo, 90005|ArcadeEpisodesMini)</onclick>
			<visible>Control.IsVisible(900) + Container.Content(Episodes)</visible>
		</control>
<!-- 		<control type="radiobutton" id="90031"> -->
<!-- 			<description>Bright Icons (Episodes)</description> -->
<!-- 			<label>90945</label> -->
<!-- 			<include>ButtonCommonValues</include> -->
<!-- 			<onclick>Skin.ToggleSetting(Episodes_900_BrightIcons)</onclick> -->
<!-- 			<visible>Control.IsVisible(900) + Container.Content(Episodes)</visible> -->
<!-- 		</control> -->
		<control type="radiobutton" id="90032">
			<description>Hide Labels (Episodes)</description>
			<label>90950</label>
			<include>ButtonCommonValues</include>
			<onclick>Skin.ToggleSetting(Episodes_900_HideLabels)</onclick>
			<visible>Control.IsVisible(900) + Container.Content(Episodes)</visible>
		</control>
		<control type="radiobutton" id="90033">
			<description>Hide Star Rating (Episodes)</description>
			<label>90947</label>
			<include>ButtonCommonValues</include>
			<enable>!Skin.HasSetting(ArcadeEpisodesBigInfo) + !Skin.HasSetting(ArcadeEpisodesMini)</enable>
			<onclick>Skin.ToggleSetting(Episodes_900_HideStars)</onclick>
			<visible>Control.IsVisible(900) + Container.Content(Episodes)</visible>
		</control>
		<control type="radiobutton" id="90034">
			<description>Hide Studio Flags (Episodes)</description>
			<label>90948</label>
			<include>ButtonCommonValues</include>
			<enable>!Skin.HasSetting(ArcadeEpisodesBigInfo) + !Skin.HasSetting(ArcadeEpisodesMini)</enable>
			<onclick>Skin.ToggleSetting(Episodes_900_HideStudioFlags)</onclick>
			<visible>Control.IsVisible(900) + Container.Content(Episodes)</visible>
		</control>
		<control type="button" id="90050">
			<description>Layout Selector (Games)</description>
			<label>89010</label>
			<label2>$VAR[LayoutLabelVar]</label2>
			<include>ButtonCommonValues</include>
			<onclick>Skin.SelectBool(90301, 90001|Arcade.Default, 90002|Arcade.Games.Reversed, 90003|Arcade.Games.Adaptive, 90004|Arcade.Games.BigInfo, 90005|Arcade.Games.Mini)</onclick>
			<visible>$EXP[GameSupport] + Control.IsVisible(900)</visible>
		</control>
		<control type="button" id="90051">
			<description>Art Selector (Games)</description>
			<label>89000</label>
			<label2>$VAR[ImageLabelVar]</label2>
			<include>ButtonCommonValues</include>
			<enable>!Skin.HasSetting(Arcade.Games.BigInfo) + !Skin.HasSetting(Arcade.Games.Mini)</enable>
			<onclick>Skin.SelectBool(89000, 20445|, 89001|ArcadeSnaps, 89002|ArcadeTitles)</onclick>
			<visible>Control.IsVisible(900) + $EXP[GameSupport]</visible>
		</control>
<!-- 		<control type="radiobutton" id="90052"> -->
<!-- 			<description>Bright Icons (Games)</description> -->
<!-- 			<label>90945</label> -->
<!-- 			<include>ButtonCommonValues</include> -->
<!-- 			<onclick>Skin.ToggleSetting(Games_900_BrightIcons)</onclick> -->
<!-- 			<visible>Control.IsVisible(900) + $EXP[GameSupport]</visible> -->
<!-- 		</control> -->
		<control type="radiobutton" id="90053">
			<description>Trailers (Games)</description>
			<label>90949</label>
			<include>ButtonCommonValues</include>
			<enable>!Skin.HasSetting(Arcade.Games.BigInfo) + !Skin.HasSetting(Arcade.Games.Mini)</enable>
			<onclick>Skin.ToggleSetting(Arcade.Trailers)</onclick>
			<selected>Skin.HasSetting(Arcade.Trailers)</selected>
			<visible>$EXP[GameSupport] + Control.IsVisible(900)</visible>
		</control>
		<control type="radiobutton" id="90054">
			<description>Hide Star Rating (Games)</description>
			<label>90947</label>
			<include>ButtonCommonValues</include>
			<enable>!Skin.HasSetting(Arcade.Games.BigInfo) + !Skin.HasSetting(Arcade.Games.Mini)</enable>
			<onclick>Skin.ToggleSetting(Arcade.Games.HideStars)</onclick>
			<selected>Skin.HasSetting(Arcade.Games.HideStars)</selected>
			<visible>$EXP[GameSupport] + Control.IsVisible(900)</visible>
		</control>
		<control type="radiobutton" id="90055">
			<description>Hide Studio Flags (Games)</description>
			<label>90948</label>
			<include>ButtonCommonValues</include>
			<enable>!Skin.HasSetting(Arcade.Games.BigInfo) + !Skin.HasSetting(Arcade.Games.Mini)</enable>
			<onclick>Skin.ToggleSetting(Arcade.Games.HideStudioFlags)</onclick>
			<selected>Skin.HasSetting(Arcade.Games.HideStudioFlags)</selected>
			<visible>$EXP[GameSupport] + Control.IsVisible(900)</visible>
		</control>
	</include>
	<!-- Arcade Templates -->
	<include name="Arcade.Template.Default">
		<control type="image">
			<left>60</left>
			<top>140</top>
			<right>60</right>
			<bottom>510</bottom>
			<texture colordiffuse="66000000" border="5">listselect_fo.png</texture>
		</control>
		<control type="image">
			<left>70</left>
			<top>150</top>
			<right>800</right>
			<bottom>520</bottom>
			<texture colordiffuse="66000000" border="5">listselect_fo.png</texture>
		</control>
		<control type="label">
			<left>110</left>
			<top>180</top>
			<width>965</width>
			<height>50</height>
			<align>left</align>
			<aligny>center</aligny>
			<font>font36</font>
			<label>$INFO[ListItem.Label]</label>
			<textcolor>TitleTextColor</textcolor>
			<scrollspeed>60</scrollspeed>
			<pauseatend>1500</pauseatend>
			<scroll>true</scroll>
		</control>
		<control type="label">
			<left>110</left>
			<top>255</top>
			<width>1920</width>
			<height>25</height>
			<align>left</align>
			<aligny>center</aligny>
			<textcolor>AltTextColor</textcolor>
			<font>font20</font>
			<label>[UPPERCASE]$INFO[ListItem.Year] [COLOR=TitleTextColor]•[/COLOR] $INFO[ListItem.Genre][/UPPERCASE]</label>
			<scroll>false</scroll>
		</control>
		<control type="textbox">
			<left>110</left>
			<top>315</top>
			<width>965</width>
			<height>110</height>
			<font>font12</font>
			<align>justify</align>
			<textcolor>NormalTextColor</textcolor>
			<label>$INFO[ListItem.Plot]</label>
			<autoscroll time="2000" delay="3000" repeat="5000">!Skin.HasSetting(Disable.AutoScroll)</autoscroll>
		</control>
		<control type="image">
			<left>70</left>
			<top>458</top>
			<width>1040</width>
			<height>2</height>
			<texture background="true" colordiffuse="FocusColor">lyretex/separator2.png</texture>
<!-- 			<texture background="true" colordiffuse="3332C4FF">lyretex/separator2.png</texture> -->
			<aspectratio>stretch</aspectratio>
		</control>
		<control type="group">
			<description>Game Flags</description>
			<visible>$EXP[GameSupport]</visible>
			<control type="image">
				<left>110</left>
				<top>485</top>
				<height>50</height>
				<width>160</width>
				<include>MediaFlagVars</include>
				<texture colordiffuse="TitleTextColor">$VAR[StarRatingVar]</texture>
				<aspectratio align="left">keep</aspectratio>
				<visible>!Skin.HasSetting(Arcade.Games.HideStars)</visible>
			</control>
			<control type="image">
				<left>860</left>
				<top>485</top>
				<height>50</height>
				<width>200</width>
				<texture>resource://resource.images.gamestudios.grayscale/$INFO[ListItem.Studio,,.png]</texture>
				<aspectratio align="right">keep</aspectratio>
				<include>MediaFlagVars</include>
				<visible>!Skin.HasSetting(Arcade.Games.HideStudioFlags)</visible>
			</control>
		</control>
		<control type="grouplist">
			<description>Movie / Episode Flags</description>
			<visible>[Container.Content(Movies)| Container.Content(sets)] | Container.Content(Episodes)</visible>
			<left>80</left>
			<top>480</top>
			<width>880</width>
			<height>60</height>
			<itemgap>10</itemgap>
			<align>left</align>
			<orientation>horizontal</orientation>
			<include>VisibleFadeEffect</include>
			<control type="image">
				<height>60</height>
				<include>MediaFlagVars</include>
				<texture>$INFO[ListItem.VideoResolution,flags/videoresolution/,.png]</texture>
				<visible>!String.IsEmpty(ListItem.VideoResolution) + ![$EXP[isTvshow] | $EXP[isSeason]]</visible>
			</control>
			<control type="image">
				<height>60</height>
				<include>MediaFlagVars</include>
				<texture>$VAR[VideoSourceFlagVar,flags/source/,.png]</texture>
				<visible>!String.IsEmpty(ListItem.VideoCodec) + ![$EXP[isTvshow] | $EXP[isSeason]]</visible>
			</control>
			<control type="image">
				<height>60</height>
				<include>MediaFlagVars</include>
				<texture>$INFO[ListItem.VideoAspect,flags/aspectratio/,.png]</texture>
				<visible>!String.IsEmpty(ListItem.VideoAspect) + [![$EXP[isTvshow] | $EXP[isSeason] | Control.IsVisible(500) | Control.IsVisible(50) | Control.IsVisible(57) |
					Control.IsVisible(501) | Control.IsVisible(55)] | Window.IsActive(movieinformation)]</visible>
			</control>
			<control type="image">
				<height>60</height>
				<include>MediaFlagVars</include>
				<texture>$INFO[ListItem.AudioCodec,flags/audiocodec/,.png]</texture>
				<visible>!String.IsEmpty(ListItem.AudioCodec) + ![$EXP[isTvshow] | $EXP[isSeason]]</visible>
			</control>
			<control type="image">
				<height>60</height>
				<width>100</width>
				<include>MediaFlagVars</include>
				<texture>$INFO[ListItem.AudioChannels,flags/audiochannel/,.png]</texture>
				<visible>!String.IsEmpty(ListItem.AudioChannels) + ![$EXP[isTvshow] | $EXP[isSeason] | Control.IsVisible(500) | Control.IsVisible(57) | Control.IsVisible(55)]</visible>
			</control>
		</control>
		<control type="group">
			<description>TV Shows Stats</description>
			<visible>[Container.Content(TVShows)| Container.Content(seasons)]</visible>
			<control type="group">
				<left>60</left>
				<top>455</top>
				<width>200</width>
				<control type="label">
					<top>20</top>
					<width>200</width>
					<height>35</height>
					<align>center</align>
					<label>$INFO[ListItem.Property(TotalSeasons)]</label>
					<font>font15</font>
					<wrapmultiline>true</wrapmultiline>
				</control>
				<control type="label">
					<description>"Seasons"</description>
					<top>56</top>
					<width>200</width>
					<height>30</height>
					<align>center</align>
					<label>90951</label>
					<font>font12</font>
				</control>
			</control>
			<control type="group">
				<left>230</left>
				<top>455</top>
				<width>200</width>
				<control type="label">
					<top>20</top>
					<width>200</width>
					<height>35</height>
					<align>center</align>
					<label>$INFO[ListItem.Property(TotalEpisodes)]</label>
					<font>font15</font>
					<wrapmultiline>true</wrapmultiline>
				</control>
				<control type="label">
					<descrption>"Episodes"</descrption>
					<top>56</top>
					<width>200</width>
					<height>30</height>
					<align>center</align>
					<label>90952</label>
					<font>font12</font>
				</control>
			</control>
			<control type="group">
				<left>400</left>
				<top>455</top>
				<width>200</width>
				<control type="label">
					<top>20</top>
					<width>200</width>
					<height>35</height>
					<align>center</align>
					<label>$INFO[ListItem.Property(WatchedEpisodes)]</label>
					<font>font15</font>
					<wrapmultiline>true</wrapmultiline>
				</control>
				<control type="label">
					<description>"Watched"</description>
					<top>56</top>
					<width>200</width>
					<height>30</height>
					<align>center</align>
					<label>90953</label>
					<font>font12</font>
				</control>
			</control>
			<control type="group">
				<left>570</left>
				<top>455</top>
				<width>200</width>
				<control type="label">
					<top>20</top>
					<width>200</width>
					<height>35</height>
					<align>center</align>
					<label>$INFO[ListItem.Property(UnwatchedEpisodes)]</label>
					<font>font15</font>
					<wrapmultiline>true</wrapmultiline>
				</control>
				<control type="label">
					<description>"unwatched"</description>
					<top>56</top>
					<width>200</width>
					<height>30</height>
					<align>center</align>
					<label>90954</label>
					<font>font12</font>
				</control>
			</control>
		</control>
		<control type="image">
			<left>780</left>
			<top>485</top>
			<height>50</height>
			<width>160</width>
			<include>MediaFlagVars</include>
			<texture colordiffuse="TitleTextColor">$VAR[StarRatingVar]</texture>
			<aspectratio align="left">keep</aspectratio>
			<visible>$EXP[ArcadeHideStars]</visible>
		</control>
		<control type="image">
			<left>960</left>
			<top>480</top>
			<height>60</height>
			<include>MediaFlagVars</include>
			<texture>resource://resource.images.studios.white/$INFO[ListItem.Studio,,.png]</texture>
			<visible>$EXP[ArcadeHideStudioFlags]</visible>
		</control>
		<control type="image">
			<left>1130</left>
			<top>150</top>
			<width>720</width>
			<height>410</height>
			<texture background="true">black.png</texture>
			<aspectratio>stretch</aspectratio>
			<bordertexture border="6" colordiffuse="BorderDiffuse">listselect_fo.png</bordertexture>
			<bordersize>6</bordersize>
		</control>
		<control type="image">
			<left>1130</left>
			<top>150</top>
			<width>720</width>
			<height>410</height>
			<fadetime>400</fadetime>
			<texture background="true">$VAR[MainFanartWindowVar]</texture>
			<aspectratio>keep</aspectratio>
			<bordersize>6</bordersize>
		</control>
		<control type="group">
			<description>Video Window Group (Games)</description>
			<visible>$EXP[GameSupport]</visible>
			<control type="image">
				<left>1130</left>
				<top>150</top>
				<width>720</width>
				<height>410</height>
				<texture background="true">black.png</texture>
				<aspectratio>stretch</aspectratio>
				<bordersize>6</bordersize>
				<animation type="Visible">
					<effect type="fade" time="0" />
				</animation>
				<animation type="Hidden">
					<effect type="fade" start="100" end="0" time="400" />
				</animation>
				<visible>Player.HasVideo</visible>
			</control>
			<control type="videowindow">
				<left>1136</left>
				<top>156</top>
				<width>708</width>
				<height>398</height>
			</control>
		</control>
	</include>
	<include name="Arcade.Template.BigInfo">
		<control type="group">
			<top>20</top>
			<control type="label">
				<left>0</left>
				<top>160</top>
				<width>1920</width>
				<height>70</height>
				<align>center</align>
				<aligny>center</aligny>
				<font>font54</font>
				<label>$INFO[ListItem.Label]</label>
				<textcolor>TitleTextColor</textcolor>
				<scrollspeed>60</scrollspeed>
				<pauseatend>1500</pauseatend>
				<scroll>true</scroll>
			</control>
			<control type="label">
				<left>0</left>
				<top>260</top>
				<width>1920</width>
				<height>50</height>
				<align>center</align>
				<aligny>center</aligny>
				<textcolor>AltTextColor</textcolor>
				<font>font32</font>
				<label>[UPPERCASE]$INFO[ListItem.Year] [COLOR=TitleTextColor]•[/COLOR] $INFO[ListItem.Genre][/UPPERCASE]</label>
				<scroll>false</scroll>
			</control>
			<control type="image">
				<left>130</left>
				<top>348</top>
				<width>1660</width>
				<height>2</height>
				<texture background="true" colordiffuse="FocusColor">lyretex/separator2.png</texture>
<!-- 				<texture background="true" colordiffuse="3332C4FF">lyretex/separator2.png</texture> -->
				<aspectratio>stretch</aspectratio>
			</control>
			<control type="textbox">
				<left>130</left>
				<top>390</top>
				<width>1660</width>
				<height>150</height>
				<font>font15</font>
				<align>justify</align>
				<textcolor>NormalTextColor</textcolor>
				<label>$INFO[ListItem.Plot]</label>
				<autoscroll time="2000" delay="3000" repeat="5000">!Skin.HasSetting(Disable.AutoScroll)</autoscroll>
			</control>
			<control type="image">
				<left>800</left>
				<top>1000</top>
				<width>320</width>
				<height>40</height>
				<texture colordiffuse="TitleTextColor">$VAR[StarRatingVar]</texture>
				<aspectratio align="center">keep</aspectratio>
				<animation type="Visible" reversible="false">
					<effect type="fade" delay="400" time="800" />
				</animation>
				<visible>[!Container.OnNext + !Container.OnPrevious] + !Skin.HasSetting(Arcade.Games.HideStars)</visible>
			</control>
		</control>
	</include>
	<include name="Arcade.Template.Reversed">
		<control type="image">
			<left>60</left>
			<top>140</top>
			<right>60</right>
			<bottom>510</bottom>
			<texture colordiffuse="66000000" border="5">listselect_fo.png</texture>
		</control>
		<control type="image">
			<left>800</left>
			<top>150</top>
			<right>70</right>
			<bottom>520</bottom>
			<texture colordiffuse="66000000" border="5">listselect_fo.png</texture>
		</control>
		<control type="image">
			<left>70</left>
			<top>150</top>
			<width>720</width>
			<height>410</height>
			<texture background="true">black.png</texture>
			<aspectratio>stretch</aspectratio>
			<bordertexture border="6" colordiffuse="BorderDiffuse">listselect_fo.png</bordertexture>
			<bordersize>6</bordersize>
		</control>
		<control type="image">
			<left>70</left>
			<top>150</top>
			<width>720</width>
			<height>410</height>
			<fadetime>400</fadetime>
			<texture background="true">$VAR[MainFanartWindowVar]</texture>
			<aspectratio>keep</aspectratio>
			<bordersize>6</bordersize>
		</control>
		<control type="group">
			<description>Video Window Group (Games)</description>
			<visible>$EXP[GameSupport]</visible>
			<control type="image">
				<left>70</left>
				<top>150</top>
				<width>720</width>
				<height>410</height>
				<texture background="true">black.png</texture>
				<aspectratio>stretch</aspectratio>
				<bordersize>6</bordersize>
				<animation type="Visible">
					<effect type="fade" time="0" />
				</animation>
				<animation type="Hidden">
					<effect type="fade" start="100" end="0" time="400" />
				</animation>
				<visible>Player.HasVideo</visible>
			</control>
			<control type="videowindow">
				<left>76</left>
				<top>156</top>
				<width>708</width>
				<height>398</height>
			</control>
		</control>
		<control type="label">
			<left>840</left>
			<top>180</top>
			<width>965</width>
			<height>50</height>
			<align>left</align>
			<aligny>center</aligny>
			<font>font36</font>
			<label>$INFO[ListItem.Label]</label>
			<textcolor>TitleTextColor</textcolor>
			<scrollspeed>60</scrollspeed>
			<pauseatend>1500</pauseatend>
			<scroll>true</scroll>
		</control>
		<control type="label">
			<left>840</left>
			<top>255</top>
			<width>1920</width>
			<height>25</height>
			<align>left</align>
			<aligny>center</aligny>
			<textcolor>AltTextColor</textcolor>
			<font>font20</font>
			<label>[UPPERCASE]$INFO[ListItem.Year] [COLOR=TitleTextColor]•[/COLOR] $INFO[ListItem.Genre][/UPPERCASE]</label>
			<scroll>false</scroll>
		</control>
		<control type="textbox">
			<left>840</left>
			<top>315</top>
			<width>965</width>
			<height>110</height>
			<font>font12</font>
			<align>justify</align>
			<textcolor>NormalTextColor</textcolor>
			<label>$INFO[ListItem.Plot]</label>
			<autoscroll time="2000" delay="3000" repeat="5000">!Skin.HasSetting(Disable.AutoScroll)</autoscroll>
		</control>
		<control type="image">
			<left>810</left>
			<top>458</top>
			<width>1040</width>
			<height>2</height>
			<texture background="true" colordiffuse="FocusColor">lyretex/separator2.png</texture>
<!-- 			<texture background="true" colordiffuse="3332C4FF">lyretex/separator2.png</texture> -->
			<aspectratio>stretch</aspectratio>
		</control>
		<control type="group">
			<description>Game Flags</description>
			<visible>$EXP[GameSupport]</visible>
			<control type="image">
				<left>840</left>
				<top>485</top>
				<height>50</height>
				<width>160</width>
				<include>MediaFlagVars</include>
				<texture colordiffuse="TitleTextColor">$VAR[StarRatingVar]</texture>
				<aspectratio align="left">keep</aspectratio>
				<visible>!Skin.HasSetting(Arcade.Games.HideStars)</visible>
			</control>
			<control type="image">
				<left>1600</left>
				<top>485</top>
				<height>50</height>
				<width>200</width>
				<texture>resource://resource.images.gamestudios.grayscale/$INFO[ListItem.Studio,,.png]</texture>
				<aspectratio align="right">keep</aspectratio>
				<include>MediaFlagVars</include>
				<visible>!Skin.HasSetting(Arcade.Games.HideStudioFlags)</visible>
			</control>
		</control>
		<control type="grouplist">
			<description>Movie / Episode Flags</description>
			<visible>[Container.Content(Movies)| Container.Content(sets)] | Container.Content(Episodes)</visible>
			<left>810</left>
			<top>480</top>
			<width>880</width>
			<height>60</height>
			<itemgap>10</itemgap>
			<align>left</align>
			<orientation>horizontal</orientation>
			<include>VisibleFadeEffect</include>
			<control type="image">
				<height>60</height>
				<include>MediaFlagVars</include>
				<texture>$INFO[ListItem.VideoResolution,flags/videoresolution/,.png]</texture>
				<visible>!String.IsEmpty(ListItem.VideoResolution) + ![$EXP[isTvshow] | $EXP[isSeason]]</visible>
			</control>
			<control type="image">
				<height>60</height>
				<include>MediaFlagVars</include>
				<texture>$VAR[VideoSourceFlagVar,flags/source/,.png]</texture>
				<visible>!String.IsEmpty(ListItem.VideoCodec) + ![$EXP[isTvshow] | $EXP[isSeason]]</visible>
			</control>
			<control type="image">
				<height>60</height>
				<include>MediaFlagVars</include>
				<texture>$INFO[ListItem.VideoAspect,flags/aspectratio/,.png]</texture>
				<visible>!String.IsEmpty(ListItem.VideoAspect) + [![$EXP[isTvshow] | $EXP[isSeason] | Control.IsVisible(500) | Control.IsVisible(50) | Control.IsVisible(57) |
					Control.IsVisible(501) | Control.IsVisible(55)] | Window.IsActive(movieinformation)]</visible>
			</control>
			<control type="image">
				<height>60</height>
				<include>MediaFlagVars</include>
				<texture>$INFO[ListItem.AudioCodec,flags/audiocodec/,.png]</texture>
				<visible>!String.IsEmpty(ListItem.AudioCodec) + ![$EXP[isTvshow] | $EXP[isSeason]]</visible>
			</control>
			<control type="image">
				<height>60</height>
				<width>100</width>
				<include>MediaFlagVars</include>
				<texture>$INFO[ListItem.AudioChannels,flags/audiochannel/,.png]</texture>
				<visible>!String.IsEmpty(ListItem.AudioChannels) + ![$EXP[isTvshow] | $EXP[isSeason] | Control.IsVisible(500) | Control.IsVisible(57) | Control.IsVisible(55)]</visible>
			</control>
		</control>
		<control type="group">
			<description>TV Shows Stats</description>
			<visible>[Container.Content(TVShows)| Container.Content(seasons)]</visible>
			<control type="group">
				<left>785</left>
				<top>455</top>
				<width>200</width>
				<control type="label">
					<top>20</top>
					<width>200</width>
					<height>35</height>
					<align>center</align>
					<label>$INFO[ListItem.Property(TotalSeasons)]</label>
					<font>font15</font>
					<wrapmultiline>true</wrapmultiline>
				</control>
				<control type="label">
					<description>"Seasons"</description>
					<top>56</top>
					<width>200</width>
					<height>30</height>
					<align>center</align>
					<label>90951</label>
					<font>font12</font>
				</control>
			</control>
			<control type="group">
				<left>955</left>
				<top>455</top>
				<width>200</width>
				<control type="label">
					<top>20</top>
					<width>200</width>
					<height>35</height>
					<align>center</align>
					<label>$INFO[ListItem.Property(TotalEpisodes)]</label>
					<font>font15</font>
					<wrapmultiline>true</wrapmultiline>
				</control>
				<control type="label">
					<description>"Episodes"</description>
					<top>56</top>
					<width>200</width>
					<height>30</height>
					<align>center</align>
					<label>90952</label>
					<font>font12</font>
				</control>
			</control>
			<control type="group">
				<left>1120</left>
				<top>455</top>
				<width>200</width>
				<control type="label">
					<top>20</top>
					<width>200</width>
					<height>35</height>
					<align>center</align>
					<label>$INFO[ListItem.Property(WatchedEpisodes)]</label>
					<font>font15</font>
					<wrapmultiline>true</wrapmultiline>
				</control>
				<control type="label">
					<description>"watched"</description>
					<top>56</top>
					<width>200</width>
					<height>30</height>
					<align>center</align>
					<label>90953</label>
					<font>font12</font>
				</control>
			</control>
			<control type="group">
				<left>1290</left>
				<top>455</top>
				<width>200</width>
				<control type="label">
					<top>20</top>
					<width>200</width>
					<height>35</height>
					<align>center</align>
					<label>$INFO[ListItem.Property(UnwatchedEpisodes)]</label>
					<font>font15</font>
					<wrapmultiline>true</wrapmultiline>
				</control>
				<control type="label">
					<description>"unwatched"</description>
					<top>56</top>
					<width>200</width>
					<height>30</height>
					<align>center</align>
					<label>90954</label>
					<font>font12</font>
				</control>
			</control>
		</control>
		<control type="image">
			<left>1690</left>
			<top>480</top>
			<height>60</height>
			<include>MediaFlagVars</include>
			<texture>resource://resource.images.studios.white/$INFO[ListItem.Studio,,.png]</texture>
			<visible>[Container.Content(Movies)| Container.Content(sets)] | [Container.Content(TVShows)| Container.Content(seasons)]</visible>
		</control>
	</include>
	<include name="Arcade.Template.Mini">
		<control type="label">
			<left>0</left>
			<top>980</top>
			<width>1920</width>
			<height>40</height>
			<align>center</align>
			<aligny>center</aligny>
			<font>font18</font>
			<label>$INFO[ListItem.Label]</label>
			<textcolor>TitleTextColor</textcolor>
			<scroll>false</scroll>
		</control>
		<control type="label">
			<left>0</left>
			<top>1030</top>
			<width>1920</width>
			<height>32</height>
			<align>center</align>
			<aligny>center</aligny>
			<textcolor>AltTextColor</textcolor>
			<font>font12</font>
			<label>[UPPERCASE]$INFO[ListItem.Year] [COLOR=TitleTextColor]•[/COLOR] $INFO[ListItem.Genre][/UPPERCASE]</label>
			<scroll>false</scroll>
		</control>
	</include>
	<include name="Arcade.Template.Adaptive">
		<control type="image">
			<left>60</left>
			<top>140</top>
			<right>60</right>
			<bottom>520</bottom>
			<texture colordiffuse="66000000" border="5">listselect_fo.png</texture>
		</control>
		<control type="image">
			<left>100</left>
			<top>398</top>
			<width>1080</width>
			<height>2</height>
			<texture background="true" colordiffuse="FocusColor">lyretex/separator2.png</texture>
<!-- 			<texture background="true" colordiffuse="3332C4FF">lyretex/separator2.png</texture> -->
			<aspectratio>stretch</aspectratio>
		</control>
		<control type="image">
			<left>800</left>
			<top>1020</top>
			<width>320</width>
			<height>45</height>
			<texture colordiffuse="TitleTextColor">$VAR[StarRatingVar]</texture>
			<aspectratio align="center">keep</aspectratio>
			<visible>!Skin.HasSetting(Arcade.Games.HideStars)</visible>
		</control>
		<control type="group">
			<visible>String.IsEqual(ListItem.Property(platform),Sega Genesis)</visible>
		</control>
		<control type="group">
			<visible>String.IsEqual(ListItem.Property(platform),Nintendo NES) | String.IsEqual(ListItem.Property(platform),Nintendo SNES)</visible>
			<control type="image">
				<left>70</left>
				<top>150</top>
				<right>535</right>
				<bottom>530</bottom>
				<texture colordiffuse="66000000" border="5">listselect_fo.png</texture>
			</control>
			<control type="image">
				<left>100</left>
				<top>180</top>
				<width>218</width>
				<height>190</height>
				<fadetime>400</fadetime>
				<texture background="true">$INFO[ListItem.Art(title)]</texture>
				<aspectratio>stretch</aspectratio>
				<bordertexture border="6" colordiffuse="BorderDiffuse">listselect_fo.png</bordertexture>
				<bordersize>6</bordersize>
			</control>
			<control type="textbox">
				<left>400</left>
				<top>195</top>
				<width>860</width>
				<height>150</height>
				<font>font12plus</font>
				<align>justify</align>
				<textcolor>NormalTextColor</textcolor>
				<label>$INFO[ListItem.Plot]</label>
				<autoscroll time="2000" delay="3000" repeat="5000">!Skin.HasSetting(Disable.AutoScroll)</autoscroll>
			</control>
			<control type="label">
				<left>100</left>
				<top>425</top>
				<width>965</width>
				<height>40</height>
				<align>left</align>
				<aligny>center</aligny>
				<font>font36</font>
				<label>$INFO[ListItem.Label]</label>
				<textcolor>TitleTextColor</textcolor>
				<scrollspeed>60</scrollspeed>
				<pauseatend>1500</pauseatend>
				<scroll>true</scroll>
			</control>
			<control type="label">
				<left>100</left>
				<top>490</top>
				<width>1920</width>
				<height>30</height>
				<align>left</align>
				<aligny>center</aligny>
				<textcolor>AltTextColor</textcolor>
				<font>font13</font>
				<label>[UPPERCASE]$INFO[ListItem.Year] [COLOR=TitleTextColor]•[/COLOR] $INFO[ListItem.Genre][/UPPERCASE]</label>
				<scroll>false</scroll>
			</control>
			<control type="image">
				<left>1392</left>
				<top>150</top>
				<width>458</width>
				<height>400</height>
				<fadetime>400</fadetime>
				<texture background="true">$INFO[ListItem.Art(snap)]</texture>
				<aspectratio>stretch</aspectratio>
				<bordertexture border="6" colordiffuse="BorderDiffuse">listselect_fo.png</bordertexture>
				<bordersize>6</bordersize>
			</control>
		</control>
		<control type="group">
			<visible>String.IsEqual(ListItem.Property(platform),Microsoft Windows) | String.IsEqual(ListItem.Property(platform),Nintendo Wii U) |
				String.IsEqual(ListItem.Property(platform),Sony PlayStation 3) | String.IsEqual(ListItem.Property(platform),Sony PlayStation Portable) |
				String.IsEqual(ListItem.Property(platform),Unknown)</visible>
			<control type="image">
				<left>70</left>
				<top>150</top>
				<right>780</right>
				<bottom>530</bottom>
				<texture colordiffuse="66000000" border="5">listselect_fo.png</texture>
			</control>
			<control type="label">
				<left>100</left>
				<top>425</top>
				<width>965</width>
				<height>40</height>
				<align>left</align>
				<aligny>center</aligny>
				<font>font36</font>
				<label>$INFO[ListItem.Label]</label>
				<textcolor>TitleTextColor</textcolor>
				<scrollspeed>60</scrollspeed>
				<pauseatend>1500</pauseatend>
				<scroll>true</scroll>
			</control>
			<control type="label">
				<left>100</left>
				<top>490</top>
				<width>1920</width>
				<height>30</height>
				<align>left</align>
				<aligny>center</aligny>
				<textcolor>AltTextColor</textcolor>
				<font>font13</font>
				<label>[UPPERCASE]$INFO[ListItem.Year] [COLOR=TitleTextColor]•[/COLOR] $INFO[ListItem.Genre][/UPPERCASE]</label>
				<scroll>false</scroll>
			</control>
			<control type="image">
				<left>970</left>
				<top>425</top>
				<width>130</width>
				<height>100</height>
				<texture>resource://resource.images.gamestudios.grayscale/$INFO[ListItem.Studio,,.png]</texture>
				<aspectratio align="right" aligny="center">keep</aspectratio>
			</control>
			<control type="textbox">
				<left>120</left>
				<top>195</top>
				<width>970</width>
				<height>150</height>
				<font>font12plus</font>
				<align>justify</align>
				<textcolor>NormalTextColor</textcolor>
				<label>$INFO[ListItem.Plot]</label>
				<autoscroll time="2000" delay="3000" repeat="5000">!Skin.HasSetting(Disable.AutoScroll)</autoscroll>
			</control>
			<control type="image">
				<left>1150</left>
				<top>150</top>
				<width>700</width>
				<height>400</height>
				<fadetime>400</fadetime>
				<texture background="true">$VAR[MainFanartWindowVar]</texture>
				<aspectratio>stretch</aspectratio>
				<bordertexture border="6" colordiffuse="BorderDiffuse">listselect_fo.png</bordertexture>
				<bordersize>6</bordersize>
			</control>
		</control>
		<control type="group">
			<description>Game Boy Advance</description>
			<visible>String.IsEqual(ListItem.Property(platform),Nintendo Gameboy Advance)</visible>
			<control type="image">
				<left>70</left>
				<top>150</top>
				<right>680</right>
				<bottom>530</bottom>
				<texture colordiffuse="66000000" border="5">listselect_fo.png</texture>
			</control>
			<control type="image">
				<left>100</left>
				<top>180</top>
				<width>285</width>
				<height>190</height>
				<fadetime>400</fadetime>
				<texture background="true">$INFO[ListItem.Art(title)]</texture>
				<aspectratio>stretch</aspectratio>
				<bordertexture border="6" colordiffuse="BorderDiffuse">listselect_fo.png</bordertexture>
				<bordersize>6</bordersize>
			</control>
			<control type="textbox">
				<left>430</left>
				<top>195</top>
				<width>760</width>
				<height>150</height>
				<font>font12plus</font>
				<align>justify</align>
				<textcolor>NormalTextColor</textcolor>
				<label>$INFO[ListItem.Plot]</label>
				<autoscroll time="2000" delay="3000" repeat="5000">!Skin.HasSetting(Disable.AutoScroll)</autoscroll>
			</control>
			<control type="label">
				<left>100</left>
				<top>425</top>
				<width>965</width>
				<height>40</height>
				<align>left</align>
				<aligny>center</aligny>
				<font>font36</font>
				<label>$INFO[ListItem.Label]</label>
				<textcolor>TitleTextColor</textcolor>
				<scrollspeed>60</scrollspeed>
				<pauseatend>1500</pauseatend>
				<scroll>true</scroll>
			</control>
			<control type="label">
				<left>100</left>
				<top>490</top>
				<width>1920</width>
				<height>30</height>
				<align>left</align>
				<aligny>center</aligny>
				<textcolor>AltTextColor</textcolor>
				<font>font13</font>
				<label>[UPPERCASE]$INFO[ListItem.Year] [COLOR=TitleTextColor]•[/COLOR] $INFO[ListItem.Genre][/UPPERCASE]</label>
				<scroll>false</scroll>
			</control>
			<control type="image">
				<left>1060</left>
				<top>425</top>
				<width>130</width>
				<height>100</height>
				<texture>resource://resource.images.gamestudios.grayscale/$INFO[ListItem.Studio,,.png]</texture>
				<aspectratio align="right" aligny="center">keep</aspectratio>
			</control>
			<control type="image">
				<left>1250</left>
				<top>150</top>
				<width>600</width>
				<height>400</height>
				<fadetime>400</fadetime>
				<texture background="true">$INFO[ListItem.Art(snap)]</texture>
				<aspectratio>stretch</aspectratio>
				<bordertexture border="6" colordiffuse="BorderDiffuse">listselect_fo.png</bordertexture>
				<bordersize>6</bordersize>
			</control>
		</control>
		<control type="group">
			<description>N64, DC, DS, GCN, PS2, SMS, WII</description>
			<visible>String.IsEqual(ListItem.Property(platform),Nintendo 64) | String.IsEqual(ListItem.Property(platform),Nintendo 3DS) | String.IsEqual(ListItem.Property(platform),Nintendo
				DS) | String.IsEqual(ListItem.Property(platform),Nintendo GameCube) | String.IsEqual(ListItem.Property(platform),Nintendo Wii) | String.IsEqual(ListItem.Property(platform),Sega
				Dreamcast) | String.IsEqual(ListItem.Property(platform),Sega Master System) | String.IsEqual(ListItem.Property(platform),Sony PlayStation 2)</visible>
			<control type="image">
				<left>70</left>
				<top>150</top>
				<right>615</right>
				<bottom>530</bottom>
				<texture colordiffuse="66000000" border="5">listselect_fo.png</texture>
			</control>
			<control type="image">
				<left>100</left>
				<top>180</top>
				<width>255</width>
				<height>190</height>
				<fadetime>400</fadetime>
				<texture background="true">$INFO[ListItem.Art(title)]</texture>
				<aspectratio>stretch</aspectratio>
				<bordertexture border="6" colordiffuse="BorderDiffuse">listselect_fo.png</bordertexture>
				<bordersize>6</bordersize>
			</control>
			<control type="label">
				<left>100</left>
				<top>425</top>
				<width>965</width>
				<height>40</height>
				<align>left</align>
				<aligny>center</aligny>
				<font>font36</font>
				<label>$INFO[ListItem.Label]</label>
				<textcolor>TitleTextColor</textcolor>
				<scrollspeed>60</scrollspeed>
				<pauseatend>1500</pauseatend>
				<scroll>true</scroll>
			</control>
			<control type="label">
				<left>100</left>
				<top>490</top>
				<width>1920</width>
				<height>30</height>
				<align>left</align>
				<aligny>center</aligny>
				<textcolor>AltTextColor</textcolor>
				<font>font13</font>
				<label>[UPPERCASE]$INFO[ListItem.Year] [COLOR=TitleTextColor]•[/COLOR] $INFO[ListItem.Genre][/UPPERCASE]</label>
				<scroll>false</scroll>
			</control>
			<control type="textbox">
				<left>400</left>
				<top>195</top>
				<width>860</width>
				<height>150</height>
				<font>font12plus</font>
				<align>justify</align>
				<textcolor>NormalTextColor</textcolor>
				<label>$INFO[ListItem.Plot]</label>
				<autoscroll time="2000" delay="3000" repeat="5000">!Skin.HasSetting(Disable.AutoScroll)</autoscroll>
			</control>
			<control type="image">
				<left>1135</left>
				<top>425</top>
				<width>130</width>
				<height>100</height>
				<texture>resource://resource.images.gamestudios.grayscale/$INFO[ListItem.Studio,,.png]</texture>
				<aspectratio align="right" aligny="center">keep</aspectratio>
			</control>
			<control type="image">
				<left>1315</left>
				<top>150</top>
				<width>535</width>
				<height>400</height>
				<fadetime>400</fadetime>
				<texture background="true">$INFO[ListItem.Art(snap)]</texture>
				<aspectratio>stretch</aspectratio>
				<bordertexture border="6" colordiffuse="BorderDiffuse">listselect_fo.png</bordertexture>
				<bordersize>6</bordersize>
			</control>
		</control>
	</include>
	<!-- Unused Templates -->
	<include name="Arcade.Template.Maximum">
		<control type="image">
			<left>50</left>
			<top>140</top>
			<right>50</right>
			<bottom>490</bottom>
			<texture colordiffuse="66000000" border="5">listselect_fo.png</texture>
		</control>
		<control type="image">
			<left>60</left>
			<top>270</top>
			<right>60</right>
			<bottom>570</bottom>
			<texture colordiffuse="66000000" border="5">listselect_fo.png</texture>
		</control>
		<control type="label">
			<left>90</left>
			<top>160</top>
			<width>720</width>
			<height>36</height>
			<align>left</align>
			<aligny>center</aligny>
			<font>font30</font>
			<label>$INFO[ListItem.Label]</label>
			<textcolor>TitleTextColor</textcolor>
			<scrollspeed>60</scrollspeed>
			<pauseatend>1500</pauseatend>
			<scroll>true</scroll>
		</control>
		<control type="label">
			<left>90</left>
			<top>222</top>
			<width>1920</width>
			<height>20</height>
			<align>left</align>
			<aligny>center</aligny>
			<textcolor>NormalTextColor</textcolor>
			<font>font20</font>
			<label>[UPPERCASE]$INFO[ListItem.Studio][/UPPERCASE]</label>
			<scroll>false</scroll>
		</control>
		<control type="image">
			<left>1126.5</left>
			<top>120</top>
			<width>562</width>
			<height>316</height>
			<fadetime>300</fadetime>
			<texture background="true">$INFO[ListItem.Art(fanart)]</texture>
			<aspectratio>stretch</aspectratio>
			<bordertexture border="6" colordiffuse="BorderDiffuse">listselect_fo.png</bordertexture>
			<bordersize>6</bordersize>
		</control>
		<control type="image">
			<camera x="1403" y="114" />
			<left>1126.5</left>
			<top>436</top>
			<width>562</width>
			<height>316</height>
			<texture background="true" colordiffuse="15FFFFFF" flipy="true">$INFO[ListItem.Art(fanart)]</texture>
			<aspectratio>stretch</aspectratio>
			<bordersize>6</bordersize>
			<animation type="Conditional" condition="true" reversible="false">
				<effect type="rotatex" center="436,0" end="100" time="0" />
			</animation>
		</control>
		<control type="textbox">
			<left>100</left>
			<top>320</top>
			<width>840</width>
			<height>140</height>
			<font>font12</font>
			<align>justify</align>
			<textcolor>NormalTextColor</textcolor>
			<label>$INFO[ListItem.Plot]</label>
			<autoscroll time="2000" delay="3000" repeat="5000">!Skin.HasSetting(Disable.AutoScroll)</autoscroll>
		</control>
		<control type="image">
			<description>Studio Flags</description>
			<left>100</left>
			<top>520</top>
			<width>80</width>
			<height>55</height>
			<texture colordiffuse="TitleTextColor">resource://resource.images.gamestudios.grayscale/$INFO[ListItem.Studio,,.png]</texture>
			<aspectratio align="center" aligny="center">keep</aspectratio>
		</control>
		<control type="label">
			<left>220</left>
			<top>535</top>
			<width>1920</width>
			<height>20</height>
			<align>left</align>
			<aligny>center</aligny>
			<textcolor>NormalTextColor</textcolor>
			<font>font12</font>
			<label>[COLOR=LabelTextColor]$LOCALIZE[90955]:[/COLOR] [COLOR=TitleTextColor]$INFO[ListItem.Year][/COLOR] [COLOR=NormalTextColor]•[/COLOR] [COLOR=LabelTextColor]$LOCALIZE[90956]:[/COLOR] [COLOR=AltTextColor]$INFO[ListItem.Genre][/COLOR] [COLOR=NormalTextColor]•[/COLOR]
				[COLOR=LabelTextColor]$LOCALIZE[90957]:[/COLOR] [COLOR=TitleTextColor]$INFO[ListItem.Rating][/COLOR]</label>
			<scroll>false</scroll>
		</control>
		<control type="image">
			<camera x="990" y="390" />
			<left>990</left>
			<top>258</top>
			<width>412</width>
			<height>232</height>
			<texture background="true" diffuse="diffuse/thumbnail.png">$INFO[ListItem.Art(snap)]</texture>
			<aspectratio>stretch</aspectratio>
			<bordertexture border="6" colordiffuse="BorderDiffuse">listselect_fo.png</bordertexture>
			<bordersize>6</bordersize>
			<animation type="Conditional" condition="Container.OnNext | Container.OnPrevious" reversible="false">
				<effect type="fade" end="0" time="0" />
			</animation>
			<animation type="Conditional" condition="true" reversible="false">
				<effect type="rotatey" center="990,0" end="-45" time="0" />
			</animation>
			<animation type="Conditional" condition="!Container.OnNext" reversible="false">
				<effect type="fade" start="0" end="100" delay="300" time="600" />
				<effect type="slide" center="auto" start="-100" end="0" time="600" />
			</animation>
			<animation type="Conditional" condition="!Container.OnPrevious" reversible="false">
				<effect type="fade" start="0" end="100" delay="300" time="600" />
				<effect type="slide" center="auto" start="100" end="0" time="600" />
			</animation>
		</control>
		<control type="image">
			<camera x="1800" y="390" />
			<left>1418</left>
			<top>258</top>
			<width>412</width>
			<height>232</height>
			<texture background="true" diffuse="diffuse/thumbnail.png">$INFO[ListItem.Art(title)]</texture>
			<aspectratio>stretch</aspectratio>
			<bordertexture border="6" flipx="true">lyretex\casetest.png</bordertexture>
			<bordersize>6</bordersize>
			<animation type="Conditional" condition="Container.OnNext | Container.OnPrevious" reversible="false">
				<effect type="fade" end="0" time="0" />
			</animation>
			<animation type="Conditional" condition="true" reversible="false">
				<effect type="rotatey" center="1830,0" end="45" time="0" />
			</animation>
			<animation type="Conditional" condition="!Container.OnNext" reversible="false">
				<effect type="fade" start="0" end="100" delay="300" time="600" />
				<effect type="slide" center="auto" start="-100" end="0" time="600" />
			</animation>
			<animation type="Conditional" condition="!Container.OnPrevious" reversible="false">
				<effect type="fade" start="0" end="100" delay="300" time="600" />
				<effect type="slide" center="auto" start="100" end="0" time="600" />
			</animation>
		</control>
		<control type="image">
			<description>Star Rating</description>
			<left>1620</left>
			<top>528</top>
			<width>200</width>
			<height>36</height>
			<align>left</align>
			<aligny>center</aligny>
			<texture background="true" colordiffuse="TitleTextColor">$INFO[ListItem.Rating,starrating/,.png]</texture>
			<aspectratio align="right" aligny="center">keep</aspectratio>
		</control>
	</include>
</includes>