<?xml version="1.0" encoding="utf-8"?>
<colors>
    <color name="DisabledColor">60ffffff</color>
    <color name="NoFocusedColor">ffaaaaaa</color>
    <color name="FocusedColor">ffffffff</color>
    <color name="WarningColor">FFfe3737</color>
    <color name="ShadowColor">FF000000</color>
    <color name="SelectedColor">ffffffff</color>
    <color name="AltSelectedColor">ffffffff</color>
    <color name="SeparatorColor">ff888888</color>
    <color name="AlternateColor">ffaaaaaa</color>
    <color name="WhiteColor">ffffffff</color>
    <color name="GreenColor">ffb1f435</color>
    <color name="AmberColor">FFf9a53b</color>
    <color name="FuchsiaColor">FFff75fd</color>
    <color name="LilacColor">FFc9a3ff</color>
    <color name="IndigoColor">FF35b7f4</color>
    <color name="TitaniumColor">AaFFffffff</color>
    <color name="RecordingColor">FFff0000</color>
    <color name="ThumbsUnfocusedColor">ffa0a0a0</color>
    <color name="BorderUnfocusedColor">FF999999</color>
    <color name="ThumbsFocusedColor">ffffffff</color>
</colors>
