<?xml version="1.0" encoding="UTF-8"?>
<colors>
    <!-- Main -->
    <color name="main_bg_100">ff181818</color>
    <color name="main_bg_70">b3181818</color>
    <color name="main_bg_30">4d181818</color>
    <color name="main_bg_12">1f181818</color>

    <color name="main_fg_100">ffcccccc</color>
    <color name="main_fg_70">b3cccccc</color>
    <color name="main_fg_30">4dcccccc</color>
    <color name="main_fg_12">1fcccccc</color>

    <color name="highlight_bottombar">1fffffff</color>
    <color name="darkline_topbar">ff080808</color>
    <color name="gradient_main">7f000000</color>

    <!-- Panels -->
    <color name="panel_bg">c5000000</color>
    <color name="panel_fg_100">FFcccccc</color>
    <color name="panel_fg_70">B3cccccc</color>
    <color name="panel_fg_30">4Dcccccc</color>
    <color name="panel_fg_12">1Fcccccc</color>

    <!-- Dialogs -->
    <color name="dialog_bg_100">FF181818</color>
    <color name="dialog_bg_70">B3181818</color>
    <color name="dialog_bg_30">4D181818</color>
    <color name="dialog_bg_12">1F181818</color>

    <color name="dialog_fg_100">FFcccccc</color>
    <color name="dialog_fg_70">B3cccccc</color>
    <color name="dialog_fg_30">4Dcccccc</color>
    <color name="dialog_fg_12">1Fcccccc</color>
    <color name="highlight_dialog">FF851E19</color>

    <color name="Background">ff000000</color>
    <color name="PosterBack">ff202020</color>
    
    <color name="Highlight">FF851E19</color>
    <color name="Highlight2">ffe5b535</color>
    <color name="Selected">ffededed</color>
    
    <color name="OSDBack">df000000</color>
    
</colors>
