<?xml version="1.0" encoding="utf-8"?>
<window type="dialog">
    <controls>
        <control type="group">
            <include>VisibleFadeEffect</include>
            <!--<animation effect="slide" start="0,0" end="-600,0" time="0" condition="Window.IsVisible(DialogExtendedProgressBar.xml)|Window.IsVisible(DialogNotification.xml)">Conditional</animation>-->
            <include content="ProgressBar">
                <param name="id" value="10"/>
                <param name="visible" value="false"/>
                <param name="x" value="0"/>
                <param name="y" value="50"/>
                <param name="width" value="1920"/>
                <param name="info" value="-"/>
                <param name="endRotation" value="0"/>
                <param name="centerRotation" value="auto"/>
                <param name="visiblefocus" value="true"/>
                <param name="direction" value="horizontal"/>
            </include>
            <control type="image" id="1">
                <visible>Integer.IsGreater(Control.GetLabel(10), 0)</visible>
                <centerleft>50%</centerleft>
                <centertop>50%</centertop>
                <width>180</width>
                <height>180</height>
                <colordiffuse>$VAR[Picked.Theme.Color]</colordiffuse>
                <texture>OSD/loading_inner.png</texture>
            </control>
            <control type="image" id="1">
                <centerleft>50%</centerleft>
                <centertop>50%</centertop>
                <width>180</width>
                <height>180</height>
                <texture>OSD/loading.png</texture>
                <animation effect="rotate" center="auto" start="360" end="0" time="1500" loop="true" tween="sine" easing="in" condition="true">Conditional</animation>
            </control>
            <control type="image" id="1">
                <centerleft>50%</centerleft>
                <centertop>50%</centertop>
                <width>180</width>
                <height>180</height>
                <texture>OSD/loading.png</texture>
                <animation effect="rotate" center="auto" start="360" end="0" time="1500" loop="true" tween="sine" easing="in" condition="true">Conditional</animation>
            </control>
            <control type="label" id="1">
                <visible>Integer.IsGreater(Control.GetLabel(10), 0)</visible>
                <centerleft>49.7%</centerleft>
                <centertop>50%</centertop>
                <width>180</width>
                <height>180</height>
                <scroll>true</scroll>
                <align>center</align>
                <aligny>center</aligny>
                <font>NotificationFont</font>
                <include>TextColor_MainColor</include>
                <label>$INFO[Control.GetLabel(10)]</label>
            </control>
        </control>
    </controls>
</window>
