<?xml version="1.0" encoding="utf-8"?>
<fonts>
    <fontset id="Default" idloc="31396">
        <font>
            <name>ScrollOffsetFont</name>
            <filename>OpenSans-Light.ttf</filename>
            <size>105</size>
            <style>bold</style>
        </font>
        <font>
            <name>WindowTitleFont</name>
            <filename>OpenSans-Light.ttf</filename>
            <size>52</size>
            <!--<style>bold</style>-->
        </font>
        <font>
            <name>WindowTitleSubFont</name>
            <filename>OpenSans-Light.ttf</filename>
            <size>30</size>
        </font>
        <font>
            <name>LeftMenuTitleFont</name>
            <filename>OpenSans-Light.ttf</filename>
            <size>20</size>
        </font>
        <font>
            <name>NotificationFont</name>
            <filename>OpenSans-Light.ttf</filename>
            <size>36</size>
        </font>
        <font>
            <name>LeftMenuButtonFont</name>
            <filename>OpenSans-Light.ttf</filename>
            <size>35</size>
        </font>
        <font>
            <name>LeftMenuSubButtonFont</name>
            <filename>OpenSans-Light.ttf</filename>
            <size>25</size>
        </font>
        <font>
            <name>DialogFont</name>
            <filename>OpenSans-Light.ttf</filename>
            <size>35</size>
        </font>
        <font>
            <name>DialogMatFont</name>
            <filename>materialdesignicons-webfont.ttf</filename>
            <size>40</size>
        </font>
        <font>
            <name>WidgetTitleFont</name>
            <filename>OpenSans-Light.ttf</filename>
            <size>33</size>
        </font>
        <font>
            <name>WidgetSubTitleFont</name>
            <filename>OpenSans-Light.ttf</filename>
            <size>27</size>
        </font>
        <font>
            <name>FacadeListTitleFont</name>
            <filename>OpenSans-Light.ttf</filename>
            <size>40</size>
        </font>
        <font>
            <name>FacadeListSubTitleFont</name>
            <filename>OpenSans-Light.ttf</filename>
            <size>30</size>
        </font>
        <font>
            <name>TopbarMatFont</name>
            <filename>materialdesignicons-webfont.ttf</filename>
            <size>50</size>
        </font>
        <font>
            <name>FacadeListMainFontMat</name>
            <filename>materialdesignicons-webfont.ttf</filename>
            <size>30</size>
        </font>
        <font>
            <name>WatchedPvrFontMat</name>
            <filename>materialdesignicons-webfont.ttf</filename>
            <size>30</size>
        </font>
        <font>
            <name>FacadeListMainFont</name>
            <filename>OpenSans-Light.ttf</filename>
            <size>30</size>
        </font>
        <font>
            <name>FacadeListSubFont</name>
            <filename>OpenSans-Light.ttf</filename>
            <size>25</size>
        </font>
        <font>
            <name>InfoTitleFont</name>
            <filename>OpenSans-Light.ttf</filename>
            <size>45</size>
            <!--<style>bold</style>-->
        </font>
        <font>
            <name>InfoTitleSubFont</name>
            <filename>OpenSans-Light.ttf</filename>
            <size>20</size>
        </font>
        <font>
            <name>InfoPlotFont</name>
            <filename>OpenSans-Light.ttf</filename>
            <size>32</size>
            <linespacing>1.00</linespacing>
            <aspect>1.0</aspect>
        </font>
        <font>
            <name>InfoDetailsFont</name>
            <filename>OpenSans-Light.ttf</filename>
            <size>35</size>
        </font>
        <font>
            <name>InfoDetailsFontBig</name>
            <filename>OpenSans-Light.ttf</filename>
            <size>39</size>
        </font>
        <font>
            <name>InfoRatingFont</name>
            <filename>OpenSans-Light.ttf</filename>
            <size>35</size>
        </font>
        <font>
            <name>TvGuideChannelFont</name>
            <filename>OpenSans-Light.ttf</filename>
            <size>29</size>
        </font>
        <font>
            <name>TvGuideItemFont</name>
            <filename>OpenSans-Light.ttf</filename>
            <size>30</size>
        </font>
        <font>
            <name>TvGuideHeaderFont</name>
            <filename>OpenSans-Light.ttf</filename>
            <size>34</size>
        </font>
        <font>
            <name>MainMenuFont</name>
            <filename>OpenSans-Light.ttf</filename>
            <size>55</size>
        </font>
        <font>
            <name>ButtonFont</name>
            <filename>OpenSans-Light.ttf</filename>
            <size>40</size>
        </font>
        <font>
            <name>SmallButtonFont</name>
            <filename>OpenSans-Light.ttf</filename>
            <size>31</size>
        </font>
        <font>
            <name>BadgeFont</name>
            <filename>OpenSans-Light.ttf</filename>
            <size>21</size>
        </font>
        <font>
            <name>rss</name>
            <filename>OpenSans-Light.ttf</filename>
            <size>25</size>
        </font>
        <font>
            <name>DonationFont</name>
            <filename>OpenSans-Light.ttf</filename>
            <size>23</size>
        </font>
        <font>
            <name>NowPlayingMainFont</name>
            <filename>OpenSans-Regular.ttf</filename>
            <size>30</size>
        </font>
        <font>
            <name>NowPlayingSubFont</name>
            <filename>OpenSans-Light.ttf</filename>
            <size>25</size>
        </font>
        <font>
            <name>CodecFont</name>
            <filename>OpenSans-Light.ttf</filename>
            <size>28</size>
        </font>
        <font>
            <name>OSDSubFont</name>
            <filename>OpenSans-Light.ttf</filename>
            <size>35</size>
        </font>
        <font>
            <name>OSDSubFontMat</name>
            <filename>materialdesignicons-webfont.ttf</filename>
            <size>35</size>
        </font>

        <!--ADDON COMPATIBILITY-->
        <font>
            <name>font13</name>
            <filename>OpenSans-Light.ttf</filename>
            <size>25</size>
        </font>
        <font>
            <name>font12</name>
            <filename>OpenSans-Light.ttf</filename>
            <size>24</size>
        </font>
        <font>
            <name>font13_title</name>
            <filename>OpenSans-Light.ttf</filename>
            <size>25</size>
            <style>bold</style>
        </font>
        <font>
            <name>font12_title</name>
            <filename>OpenSans-Light.ttf</filename>
            <size>24</size>
            <style>bold</style>
        </font>
    </fontset>
    <fontset id="Regular" idloc="31397">
        <font>
            <name>ScrollOffsetFont</name>
            <filename>OpenSans-Regular.ttf</filename>
            <size>105</size>
            <style>bold</style>
        </font>
        <font>
            <name>WindowTitleFont</name>
            <filename>OpenSans-Regular.ttf</filename>
            <size>52</size>
            <!--<style>bold</style>-->
        </font>
        <font>
            <name>WindowTitleSubFont</name>
            <filename>OpenSans-Regular.ttf</filename>
            <size>30</size>
        </font>
        <font>
            <name>LeftMenuTitleFont</name>
            <filename>OpenSans-Regular.ttf</filename>
            <size>20</size>
        </font>
        <font>
            <name>NotificationFont</name>
            <filename>OpenSans-Regular.ttf</filename>
            <size>36</size>
        </font>
        <font>
            <name>LeftMenuButtonFont</name>
            <filename>OpenSans-Regular.ttf</filename>
            <size>35</size>
        </font>
        <font>
            <name>LeftMenuSubButtonFont</name>
            <filename>OpenSans-Regular.ttf</filename>
            <size>25</size>
        </font>
        <font>
            <name>DialogFont</name>
            <filename>OpenSans-Regular.ttf</filename>
            <size>35</size>
        </font>
        <font>
            <name>DialogMatFont</name>
            <filename>materialdesignicons-webfont.ttf</filename>
            <size>40</size>
        </font>
        <font>
            <name>WidgetTitleFont</name>
            <filename>OpenSans-Regular.ttf</filename>
            <size>33</size>
        </font>
        <font>
            <name>WidgetSubTitleFont</name>
            <filename>OpenSans-Regular.ttf</filename>
            <size>27</size>
        </font>
        <font>
            <name>FacadeListTitleFont</name>
            <filename>OpenSans-Regular.ttf</filename>
            <size>40</size>
        </font>
        <font>
            <name>FacadeListSubTitleFont</name>
            <filename>OpenSans-Regular.ttf</filename>
            <size>30</size>
        </font>
        <font>
            <name>TopbarMatFont</name>
            <filename>materialdesignicons-webfont.ttf</filename>
            <size>50</size>
        </font>
        <font>
            <name>FacadeListMainFontMat</name>
            <filename>materialdesignicons-webfont.ttf</filename>
            <size>30</size>
        </font>
        <font>
            <name>WatchedPvrFontMat</name>
            <filename>materialdesignicons-webfont.ttf</filename>
            <size>30</size>
        </font>
        <font>
            <name>FacadeListMainFont</name>
            <filename>OpenSans-Regular.ttf</filename>
            <size>30</size>
        </font>
        <font>
            <name>FacadeListSubFont</name>
            <filename>OpenSans-Regular.ttf</filename>
            <size>25</size>
        </font>
        <font>
            <name>InfoTitleFont</name>
            <filename>OpenSans-Regular.ttf</filename>
            <size>45</size>
            <!--<style>bold</style>-->
        </font>
        <font>
            <name>InfoTitleSubFont</name>
            <filename>OpenSans-Regular.ttf</filename>
            <size>20</size>
        </font>
        <font>
            <name>InfoPlotFont</name>
            <filename>OpenSans-Regular.ttf</filename>
            <size>32</size>
            <linespacing>1.00</linespacing>
            <aspect>1.0</aspect>
        </font>
        <font>
            <name>InfoDetailsFont</name>
            <filename>OpenSans-Regular.ttf</filename>
            <size>35</size>
        </font>
        <font>
            <name>InfoDetailsFontBig</name>
            <filename>OpenSans-Regular.ttf</filename>
            <size>39</size>
        </font>
        <font>
            <name>InfoRatingFont</name>
            <filename>OpenSans-Regular.ttf</filename>
            <size>35</size>
        </font>
        <font>
            <name>TvGuideChannelFont</name>
            <filename>OpenSans-Regular.ttf</filename>
            <size>29</size>
        </font>
        <font>
            <name>TvGuideItemFont</name>
            <filename>OpenSans-Regular.ttf</filename>
            <size>30</size>
        </font>
        <font>
            <name>TvGuideHeaderFont</name>
            <filename>OpenSans-Regular.ttf</filename>
            <size>34</size>
        </font>
        <font>
            <name>MainMenuFont</name>
            <filename>OpenSans-Light.ttf</filename>
            <size>45</size>
        </font>
        <font>
            <name>ButtonFont</name>
            <filename>OpenSans-Regular.ttf</filename>
            <size>40</size>
        </font>
        <font>
            <name>SmallButtonFont</name>
            <filename>OpenSans-Regular.ttf</filename>
            <size>31</size>
        </font>
        <font>
            <name>BadgeFont</name>
            <filename>OpenSans-Regular.ttf</filename>
            <size>21</size>
        </font>
        <font>
            <name>rss</name>
            <filename>OpenSans-Regular.ttf</filename>
            <size>25</size>
        </font>
        <font>
            <name>DonationFont</name>
            <filename>OpenSans-Regular.ttf</filename>
            <size>23</size>
        </font>
        <font>
            <name>NowPlayingMainFont</name>
            <filename>OpenSans-Regular.ttf</filename>
            <size>30</size>
        </font>
        <font>
            <name>NowPlayingSubFont</name>
            <filename>OpenSans-Regular.ttf</filename>
            <size>25</size>
        </font>
        <font>
            <name>CodecFont</name>
            <filename>OpenSans-Regular.ttf</filename>
            <size>28</size>
        </font>
        <font>
            <name>OSDSubFont</name>
            <filename>OpenSans-Regular.ttf</filename>
            <size>35</size>
        </font>
        <font>
            <name>OSDSubFontMat</name>
            <filename>materialdesignicons-webfont.ttf</filename>
            <size>35</size>
        </font>

        <!--ADDON COMPATIBILITY-->
        <font>
            <name>font13</name>
            <filename>OpenSans-Regular.ttf</filename>
            <size>25</size>
        </font>
        <font>
            <name>font12</name>
            <filename>OpenSans-Regular.ttf</filename>
            <size>24</size>
        </font>
        <font>
            <name>font13_title</name>
            <filename>OpenSans-Regular.ttf</filename>
            <size>25</size>
            <style>bold</style>
        </font>
        <font>
            <name>font12_title</name>
            <filename>OpenSans-Regular.ttf</filename>
            <size>24</size>
            <style>bold</style>
        </font>
    </fontset>
    <fontset id="Arial" idloc="31395">
        <font>
            <name>ScrollOffsetFont</name>
            <filename>arial.ttf</filename>
            <size>105</size>
            <style>bold</style>
        </font>
        <font>
            <name>WindowTitleFont</name>
            <filename>arial.ttf</filename>
            <size>52</size>
            <!--<style>bold</style>-->
        </font>
        <font>
            <name>WindowTitleSubFont</name>
            <filename>arial.ttf</filename>
            <size>30</size>
        </font>
        <font>
            <name>LeftMenuTitleFont</name>
            <filename>arial.ttf</filename>
            <size>20</size>
        </font>
        <font>
            <name>NotificationFont</name>
            <filename>arial.ttf</filename>
            <size>36</size>
        </font>
        <font>
            <name>LeftMenuButtonFont</name>
            <filename>arial.ttf</filename>
            <size>35</size>
        </font>
        <font>
            <name>LeftMenuSubButtonFont</name>
            <filename>arial.ttf</filename>
            <size>25</size>
        </font>
        <font>
            <name>DialogFont</name>
            <filename>arial.ttf</filename>
            <size>35</size>
        </font>
        <font>
            <name>DialogMatFont</name>
            <filename>materialdesignicons-webfont.ttf</filename>
            <size>40</size>
        </font>
        <font>
            <name>WidgetTitleFont</name>
            <filename>arial.ttf</filename>
            <size>33</size>
        </font>
        <font>
            <name>WidgetSubTitleFont</name>
            <filename>arial.ttf</filename>
            <size>27</size>
        </font>
        <font>
            <name>FacadeListTitleFont</name>
            <filename>arial.ttf</filename>
            <size>40</size>
        </font>
        <font>
            <name>FacadeListSubTitleFont</name>
            <filename>arial.ttf</filename>
            <size>30</size>
            <linespacing>1.15</linespacing>
        </font>
        <font>
            <name>TopbarMatFont</name>
            <filename>materialdesignicons-webfont.ttf</filename>
            <size>50</size>
        </font>
        <font>
            <name>FacadeListMainFontMat</name>
            <filename>materialdesignicons-webfont.ttf</filename>
            <size>30</size>
        </font>
        <font>
            <name>WatchedPvrFontMat</name>
            <filename>materialdesignicons-webfont.ttf</filename>
            <size>30</size>
        </font>
        <font>
            <name>FacadeListMainFont</name>
            <filename>arial.ttf</filename>
            <size>30</size>
        </font>
        <font>
            <name>FacadeListSubFont</name>
            <filename>arial.ttf</filename>
            <size>25</size>
        </font>
        <font>
            <name>InfoTitleFont</name>
            <filename>arial.ttf</filename>
            <size>45</size>
            <!--<style>bold</style>-->
        </font>
        <font>
            <name>InfoTitleSubFont</name>
            <filename>arial.ttf</filename>
            <size>20</size>
        </font>
        <font>
            <name>InfoPlotFont</name>
            <filename>arial.ttf</filename>
            <size>32</size>
            <linespacing>1.00</linespacing>
            <aspect>1.0</aspect>
        </font>
        <font>
            <name>InfoDetailsFont</name>
            <filename>arial.ttf</filename>
            <size>35</size>
        </font>
        <font>
            <name>InfoDetailsFontBig</name>
            <filename>arial.ttf</filename>
            <size>39</size>
        </font>
        <font>
            <name>InfoRatingFont</name>
            <filename>arial.ttf</filename>
            <size>35</size>
        </font>
        <font>
            <name>TvGuideChannelFont</name>
            <filename>arial.ttf</filename>
            <size>29</size>
        </font>
        <font>
            <name>TvGuideItemFont</name>
            <filename>arial.ttf</filename>
            <size>30</size>
        </font>
        <font>
            <name>TvGuideHeaderFont</name>
            <filename>arial.ttf</filename>
            <size>34</size>
        </font>
        <font>
            <name>MainMenuFont</name>
            <filename>arial.ttf</filename>
            <size>45</size>
        </font>
        <font>
            <name>ButtonFont</name>
            <filename>arial.ttf</filename>
            <size>40</size>
        </font>
        <font>
            <name>SmallButtonFont</name>
            <filename>arial.ttf</filename>
            <size>31</size>
        </font>
        <font>
            <name>BadgeFont</name>
            <filename>arial.ttf</filename>
            <size>21</size>
        </font>
        <font>
            <name>rss</name>
            <filename>arial.ttf</filename>
            <size>25</size>
        </font>
        <font>
            <name>DonationFont</name>
            <filename>arial.ttf</filename>
            <size>23</size>
        </font>
        <font>
            <name>NowPlayingMainFont</name>
            <filename>arial.ttf</filename>
            <size>30</size>
        </font>
        <font>
            <name>NowPlayingSubFont</name>
            <filename>arial.ttf</filename>
            <size>25</size>
        </font>
        <font>
            <name>CodecFont</name>
            <filename>arial.ttf</filename>
            <size>28</size>
            <aspect>0.9</aspect>
        </font>
        <font>
            <name>OSDSubFont</name>
            <filename>arial.ttf</filename>
            <size>35</size>
        </font>
        <font>
            <name>OSDSubFontMat</name>
            <filename>materialdesignicons-webfont.ttf</filename>
            <size>35</size>
        </font>

        <!--ADDON COMPATIBILITY-->
        <font>
            <name>font13</name>
            <filename>arial.ttf</filename>
            <size>25</size>
        </font>
        <font>
            <name>font12</name>
            <filename>arial.ttf</filename>
            <size>24</size>
        </font>
        <font>
            <name>font13_title</name>
            <filename>arial.ttf</filename>
            <size>25</size>
            <style>bold</style>
        </font>
        <font>
            <name>font12_title</name>
            <filename>arial.ttf</filename>
            <size>24</size>
            <style>bold</style>
        </font>
    </fontset>
</fonts>
