<?xml version="1.0" encoding="utf-8"?>
<includes>
    <include name="Widget_Empty_Poster">
        <posx>450</posx>
        <posy>482</posy>
        <width>10</width>
        <height>10</height>
    </include>
    <include name="Widget_Empty_Square">
        <posx>310</posx>
        <posy>392</posy>
        <width>10</width>
        <height>10</height>
    </include>
    <include name="Widget_Empty_Episode">
        <posx>70</posx>
        <posy>82</posy>
        <width>495</width>
        <height>280</height>
    </include>
    <include name="Widget_Empty_Channel">
        <posx>320</posx>
        <posy>452</posy>
        <width>10</width>
        <height>10</height>
    </include>
    <include name="Widget_NavButtons_Poster">
        <control type="button">
            <posx>0</posx>
            <posy>20</posy>
            <width>140</width>
            <height>$PARAM[height]</height>
            <include>TextColor_AlternateColor</include>
            <font>FacadeListMainFontMat</font>
            <textoffsetx>10</textoffsetx>
            <textoffsety>19</textoffsety>
            <align>left</align>
            <aligny>top</aligny>
            <!--<label></label>-->
            <onclick>Control.Move($PARAM[id],-1)</onclick>
            <include>HiddenButton</include>
        </control>
        <control type="button">
            <posx>1770</posx>
            <posy>20</posy>
            <width>150</width>
            <height>$PARAM[height]</height>
            <include>TextColor_AlternateColor</include>
            <font>FacadeListMainFontMat</font>
            <textoffsetx>10</textoffsetx>
            <textoffsety>19</textoffsety>
            <align>right</align>
            <aligny>top</aligny>
            <!--<label></label>-->
            <onclick>Control.Move($PARAM[id],1)</onclick>
            <include>HiddenButton</include>
        </control>
    </include>
    <include name="Widget_NavButtons_Square">
        <control type="button">
            <posx>0</posx>
            <posy>20</posy>
            <width>140</width>
            <height>$PARAM[height]</height>
            <include>TextColor_AlternateColor</include>
            <font>FacadeListMainFontMat</font>
            <textoffsetx>10</textoffsetx>
            <textoffsety>19</textoffsety>
            <align>left</align>
            <aligny>top</aligny>
            <!--<label></label>-->
            <onclick>Control.Move($PARAM[id],-1)</onclick>
            <include>HiddenButton</include>
        </control>
        <control type="button">
            <posx>1770</posx>
            <posy>20</posy>
            <width>150</width>
            <height>$PARAM[height]</height>
            <include>TextColor_AlternateColor</include>
            <font>FacadeListMainFontMat</font>
            <textoffsetx>10</textoffsetx>
            <textoffsety>19</textoffsety>
            <align>right</align>
            <aligny>top</aligny>
            <!--<label></label>-->
            <onclick>Control.Move($PARAM[id],1)</onclick>
            <include>HiddenButton</include>
        </control>
    </include>
    <include name="Widget_NavButtons_Episode">
        <control type="button">
            <posx>0</posx>
            <posy>20</posy>
            <width>140</width>
            <height>$PARAM[height]</height>
            <include>TextColor_AlternateColor</include>
            <font>FacadeListMainFontMat</font>
            <textoffsetx>10</textoffsetx>
            <textoffsety>19</textoffsety>
            <align>left</align>
            <aligny>top</aligny>
            <!--<label></label>-->
            <onclick>Control.Move($PARAM[id],-1)</onclick>
            <include>HiddenButton</include>
        </control>
        <control type="button">
            <posx>1770</posx>
            <posy>20</posy>
            <width>150</width>
            <height>$PARAM[height]</height>
            <include>TextColor_AlternateColor</include>
            <font>FacadeListMainFontMat</font>
            <textoffsetx>10</textoffsetx>
            <textoffsety>19</textoffsety>
            <align>right</align>
            <aligny>top</aligny>
            <!--<label></label>-->
            <onclick>Control.Move($PARAM[id],1)</onclick>
            <include>HiddenButton</include>
        </control>
    </include>
    <include name="Widget_NavButtons_Channel">
        <control type="button">
            <posx>0</posx>
            <posy>20</posy>
            <width>140</width>
            <height>$PARAM[height]</height>
            <include>TextColor_AlternateColor</include>
            <font>FacadeListMainFontMat</font>
            <textoffsetx>10</textoffsetx>
            <textoffsety>19</textoffsety>
            <align>left</align>
            <aligny>top</aligny>
            <!--<label></label>-->
            <onclick>Control.Move($PARAM[id],-1)</onclick>
            <include>HiddenButton</include>
        </control>
        <control type="button">
            <posx>1770</posx>
            <posy>20</posy>
            <width>150</width>
            <height>$PARAM[height]</height>
            <include>TextColor_AlternateColor</include>
            <font>FacadeListMainFontMat</font>
            <textoffsetx>10</textoffsetx>
            <textoffsety>19</textoffsety>
            <align>right</align>
            <aligny>top</aligny>
            <!--<label></label>-->
            <onclick>Control.Move($PARAM[id],1)</onclick>
            <include>HiddenButton</include>
        </control>
    </include>
    <include name="PlexWidget">
        <control type="group">
            <include>OpenCloseVisible</include>
            <visible>$PARAM[visibility]</visible>
            <height>$PARAM[height]</height>
            <control type="label">
                <visible>control.hasfocus($PARAM[id])</visible>
                <posx>TextMargin</posx>
                <posy>30</posy>
                <height>40</height>
                <width>1920</width>
                <font>FacadeListMainFont</font>
                <include>TextColor_MainColor</include>
                <scroll>false</scroll>
                <label>$PARAM[title]</label>
            </control>
            <control type="label">
                <visible>!control.hasfocus($PARAM[id])</visible>
                <posx>TextMargin</posx>
                <posy>30</posy>
                <height>40</height>
                <width>1920</width>
                <font>FacadeListMainFont</font>
                <include>TextColor_AlternateColor</include>
                <scroll>false</scroll>
                <label>$PARAM[title]</label>
            </control>
            <control type="list" id="$PARAM[id]">
                <onright condition="Skin.HasSetting(VerticalHome)">$PARAM[onright]</onright>
                <onup>$PARAM[onup]</onup>
                <ondown>$PARAM[ondown]</ondown>
                <onleft condition="Skin.HasSetting(VerticalHome)">300</onleft>
                <include content="Widget_$PARAM[gfxType]">
                    <param name="id" value="$PARAM[id]"/>
                    <param name="labelTitle" value="$PARAM[labelTitle]"/>
                    <param name="labelSubTitle" value="$PARAM[labelSubTitle]"/>
                </include>
                <include>$PARAM[content]</include>
            </control>
            <control type="group">
                <visible>Container($PARAM[id]).IsUpdating</visible>
                <control type="image">
                    <animation effect="rotate" center="auto" start="360" end="0" time="1500" loop="true" tween="circle" easing="inout" condition="true">Conditional</animation>
                    <include>Widget_Empty_$PARAM[gfxType]</include>
                    <aspectratio align="center" aligny="center">keep</aspectratio>
                    <colordiffuse>ThumbsUnfocusedColor</colordiffuse>
                    <texture>OSD/loading.png</texture>
                </control>
                <control type="image">
                    <animation effect="rotate" center="auto" start="360" end="0" time="750" loop="true" tween="sine" easing="in" condition="true">Conditional</animation>
                    <include>Widget_Empty_$PARAM[gfxType]</include>
                    <aspectratio align="center" aligny="center">keep</aspectratio>
                    <colordiffuse>ThumbsUnfocusedColor</colordiffuse>
                    <texture>OSD/loading.png</texture>
                </control>
                <control type="image">
                    <include>Widget_Empty_$PARAM[gfxType]</include>
                    <colordiffuse>ThumbsUnfocusedColor</colordiffuse>
                    <texture border="2">common/TransparentDot.png</texture>
                    <bordertexture border="2" colordiffuse="BorderUnfocusedColor">common/frame_focus.png</bordertexture>
                    <bordersize>2</bordersize>
                    <fadetime>300</fadetime>
                </control>
            </control>
            <control type="group">
                <visible>!Integer.IsGreater(Container($PARAM[id]).NumItems,0)+!Container($PARAM[id]).IsUpdating</visible>
                <control type="image">
                    <visible>!control.hasfocus($PARAM[id])</visible>
                    <include>Widget_Empty_$PARAM[gfxType]</include>
                    <aspectratio align="center" aligny="center">keep</aspectratio>
                    <colordiffuse>ThumbsUnfocusedColor</colordiffuse>
                    <texture>defaultEmptyBig.png</texture>
                    <fadetime>300</fadetime>
                </control>
                <control type="image">
                    <visible>control.hasfocus($PARAM[id])</visible>
                    <include>Widget_Empty_$PARAM[gfxType]</include>
                    <aspectratio align="center" aligny="center">keep</aspectratio>
                    <texture>defaultEmptyBig.png</texture>
                    <fadetime>300</fadetime>
                </control>
            </control>
            <control type="group">
                <visible>Integer.IsEqual(Container($PARAM[id]).Numitems,0)</visible>
                <control type="button" id="$PARAM[id]">
                    <onright condition="Skin.HasSetting(VerticalHome)">$PARAM[onright]</onright>
                    <onup>$PARAM[onup]</onup>
                    <ondown>$PARAM[ondown]</ondown>
                    <onleft condition="Skin.HasSetting(VerticalHome)">300</onleft>
                    <include>Widget_Empty_$PARAM[gfxType]</include>
                    <colordiffuse>ThumbsUnfocusedColor</colordiffuse>
                    <texturefocus border="2" colordiffuse="$VAR[Picked.HighLight.Color]">common/frame_focus.png</texturefocus>
                    <texturenofocus border="2">common/frame_focus.png</texturenofocus>
                    <onclick>noop</onclick>
                </control>
                <control type="image">
                    <visible>control.hasfocus($PARAM[id])+Skin.HasSetting(EnableFrameHighlight)</visible>
                    <include>Widget_Empty_$PARAM[gfxType]</include>
                    <texture border="2,45,2,45" colordiffuse="$VAR[Picked.HighLight.Color]">common/frame_highlight.png</texture>
                    <fadetime>300</fadetime>
                </control>
                <control type="group">
                    <posy>$PARAM[height]</posy>
                    <control type="image">
                        <visible>control.hasfocus($PARAM[id])</visible>
                        <posy>-123</posy>
                        <height>2</height>
                        <include>Widget_Empty_$PARAM[gfxType]</include>
                        <colordiffuse>$VAR[Picked.HighLight.Color]</colordiffuse>
                        <texture border="2,0,2,0">common/line_white_horizontal.png</texture>
                    </control>
                </control>
            </control>
        </control>
    </include>
    <include name="Widget_Poster">
        <posx>450</posx>
        <posy>482</posy>
        <width>970</width>
        <height>400</height>
        <onleft>300</onleft>
        <onback>300</onback>
        <orientation>horizontal</orientation>
        <!--<preloaditems>4</preloaditems>-->
        <itemlayout height="500" width="225">
            <include content="ThumbsImages">
                <param name="visible" value="true"/>
                <param name="visibleFrameHighlight" value="false"/>
                <param name="x" value="70"/>
                <param name="y" value="0"/>
                <param name="width" value="215"/>
                <param name="height" value="372"/>
                <param name="aspectratio" value="scale"/>
                <param name="align" value="center"/>
                <param name="aligny" value="center"/>
                <param name="flipy" value="false"/>
                <param name="texture" value="$VAR[Thumbs]"/>
                <param name="fallback" value="DefaultVideoCover.png"/>
                <param name="texturediffuse" value="ThumbsUnfocusedColor"/>
                <param name="borderdiffuse" value="BorderUnfocusedColor"/>
            </include>
            <control type="group">
                <posy>371</posy>
                <include content="ProgressBar">
                    <param name="id" value="0"/>
                    <param name="visible" value="Integer.IsGreater(ListItem.PercentPlayed,0)"/>
                    <param name="x" value="70"/>
                    <param name="y" value="0"/>
                    <param name="width" value="314"/>
                    <param name="info" value="ListItem.PercentPlayed"/>
                    <param name="endRotation" value="0"/>
                    <param name="centerRotation" value="auto"/>
                    <param name="visiblefocus" value="false"/>
                    <param name="direction" value="horizontal"/>
                </include>
                <include content="ProgressBar">
                    <param name="id" value="0"/>
                    <param name="visible" value="Integer.IsGreater(ListItem.Progress,0)"/>
                    <param name="x" value="70"/>
                    <param name="y" value="0"/>
                    <param name="width" value="314"/>
                    <param name="info" value="ListItem.Progress"/>
                    <param name="endRotation" value="0"/>
                    <param name="centerRotation" value="auto"/>
                    <param name="visiblefocus" value="false"/>
                    <param name="direction" value="horizontal"/>
                </include>
                <include content="ProgressBar">
                    <param name="id" value="0"/>
                    <param name="visible" value="Integer.IsGreater(ListItem.Property(Progress),0)"/>
                    <param name="x" value="70"/>
                    <param name="y" value="0"/>
                    <param name="width" value="314"/>
                    <param name="info" value="ListItem.Property(Progress)"/>
                    <param name="endRotation" value="0"/>
                    <param name="centerRotation" value="auto"/>
                    <param name="visiblefocus" value="false"/>
                    <param name="direction" value="horizontal"/>
                </include>
                <control type="label">
                    <posx>70</posx>
                    <posy>30</posy>
                    <width>205</width>
                    <aligny>top</aligny>
                    <font>WidgetTitleFont</font>
                    <include>TextColor_AlternateColor</include>
                    <scroll>false</scroll>
                    <label>$PARAM[labelTitle]</label>
                </control>
                <control type="label">
                    <posx>70</posx>
                    <posy>80</posy>
                    <width>205</width>
                    <aligny>top</aligny>
                    <font>WidgetSubTitleFont</font>
                    <include>TextColor_AlternateColor</include>
                    <scroll>false</scroll>
                    <label>$PARAM[labelSubTitle]</label>
                </control>
            </control>
        </itemlayout>
        <focusedlayout height="600" width="225">
            <control type="group">
                <include>ButtonFocusAnimation</include>
                <include content="ThumbsImages">
                    <param name="visible" value="control.hasfocus($PARAM[id])"/>
                    <param name="visibleFrameHighlight" value="control.hasfocus($PARAM[id])"/>
                    <param name="x" value="70"/>
                    <param name="y" value="0"/>
                    <param name="width" value="215"/>
                    <param name="height" value="372"/>
                    <param name="aspectratio" value="scale"/>
                    <param name="align" value="center"/>
                    <param name="aligny" value="center"/>
                    <param name="flipy" value="false"/>
                    <param name="texture" value="$VAR[Thumbs]"/>
                    <param name="fallback" value="DefaultVideoCover.png"/>
                    <param name="texturediffuse" value="ThumbsFocusedColor"/>
                    <param name="borderdiffuse" value="$VAR[Picked.HighLight.Color]"/>
                </include>
                <include content="ThumbsImages">
                    <param name="visible" value="!control.hasfocus($PARAM[id])"/>
                    <param name="visibleFrameHighlight" value="false"/>
                    <param name="x" value="70"/>
                    <param name="y" value="0"/>
                    <param name="width" value="215"/>
                    <param name="height" value="372"/>
                    <param name="aspectratio" value="scale"/>
                    <param name="align" value="center"/>
                    <param name="aligny" value="center"/>
                    <param name="flipy" value="false"/>
                    <param name="texture" value="$VAR[Thumbs]"/>
                    <param name="fallback" value="DefaultVideoCover.png"/>
                    <param name="texturediffuse" value="ThumbsUnfocusedColor"/>
                    <param name="borderdiffuse" value="BorderUnfocusedColor"/>
                </include>
                <control type="group">
                    <posy>471</posy>
                    <include content="ProgressBar">
                        <param name="id" value="0"/>
                        <param name="visible" value="Integer.IsGreater(ListItem.PercentPlayed,0)"/>
                        <param name="x" value="70"/>
                        <param name="y" value="0"/>
                        <param name="width" value="314"/>
                        <param name="info" value="ListItem.PercentPlayed"/>
                        <param name="endRotation" value="0"/>
                        <param name="centerRotation" value="auto"/>
                        <param name="visiblefocus" value="control.hasfocus($PARAM[id])"/>
                        <param name="direction" value="horizontal"/>
                    </include>
                    <include content="ProgressBar">
                        <param name="id" value="0"/>
                        <param name="visible" value="Integer.IsGreater(ListItem.Progress,0)"/>
                        <param name="x" value="70"/>
                        <param name="y" value="0"/>
                        <param name="width" value="314"/>
                        <param name="info" value="ListItem.Progress"/>
                        <param name="endRotation" value="0"/>
                        <param name="centerRotation" value="auto"/>
                        <param name="visiblefocus" value="control.hasfocus($PARAM[id])"/>
                        <param name="direction" value="horizontal"/>
                    </include>
                    <include content="ProgressBar">
                        <param name="id" value="0"/>
                        <param name="visible" value="Integer.IsGreater(ListItem.Property(Progress),0)"/>
                        <param name="x" value="70"/>
                        <param name="y" value="0"/>
                        <param name="width" value="314"/>
                        <param name="info" value="ListItem.Property(Progress)"/>
                        <param name="endRotation" value="0"/>
                        <param name="centerRotation" value="auto"/>
                        <param name="visiblefocus" value="control.hasfocus($PARAM[id])"/>
                        <param name="direction" value="horizontal"/>
                    </include>
                    <include content="FocusedIndicatorHorizontal">
                        <param name="x" value="70"/>
                        <param name="y" value="21"/>
                        <param name="width" value="315"/>
                        <param name="visible" value="control.hasfocus($PARAM[id])"/>
                    </include>
                    <control type="label">
                        <visible>control.hasfocus($PARAM[id])</visible>
                        <posx>70</posx>
                        <posy>30</posy>
                        <width>305</width>
                        <aligny>top</aligny>
                        <font>WidgetTitleFont</font>
                        <include>TextColor_MainColor</include>
                        <scroll>true</scroll>
                        <label>$PARAM[labelTitle]</label>
                    </control>
                    <control type="label">
                        <visible>control.hasfocus($PARAM[id])</visible>
                        <posx>70</posx>
                        <posy>80</posy>
                        <width>305</width>
                        <aligny>top</aligny>
                        <font>WidgetSubTitleFont</font>
                        <include>TextColor_MainColor</include>
                        <scroll>true</scroll>
                        <label>$PARAM[labelSubTitle]</label>
                    </control>
                    <control type="label">
                        <visible>!control.hasfocus($PARAM[id])</visible>
                        <posx>70</posx>
                        <posy>30</posy>
                        <width>305</width>
                        <aligny>top</aligny>
                        <font>WidgetTitleFont</font>
                        <include>TextColor_AlternateColor</include>
                        <scroll>false</scroll>
                        <label>$PARAM[labelTitle]</label>
                    </control>
                    <control type="label">
                        <visible>!control.hasfocus($PARAM[id])</visible>
                        <posx>70</posx>
                        <posy>80</posy>
                        <width>305</width>
                        <aligny>top</aligny>
                        <font>WidgetSubTitleFont</font>
                        <include>TextColor_AlternateColor</include>
                        <scroll>false</scroll>
                        <label>$PARAM[labelSubTitle]</label>
                    </control>
                </control>
            </control>
        </focusedlayout>
    </include>
    <include name="Widget_Square">
        <posx>310</posx>
        <posy>442</posy>
        <width>1230</width>
        <height>511</height>
        <onleft>300</onleft>
        <onback>300</onback>
        <!--<preloaditems>4</preloaditems>-->
        <orientation>horizontal</orientation>
        <itemlayout height="383" width="383">
            <include content="ThumbsImages">
                <param name="visible" value="true"/>
                <param name="visibleFrameHighlight" value="false"/>
                <param name="x" value="70"/>
                <param name="y" value="0"/>
                <param name="width" value="383"/>
                <param name="height" value="383"/>
                <param name="aspectratio" value="scale"/>
                <param name="align" value="center"/>
                <param name="aligny" value="center"/>
                <param name="flipy" value="false"/>
                <param name="texture" value="$VAR[Thumbs]"/>
                <param name="fallback" value="DefaultFile.png"/>
                <param name="texturediffuse" value="ThumbsUnfocusedColor"/>
                <param name="borderdiffuse" value="BorderUnfocusedColor"/>
            </include>
            <control type="group">
                <posy>382</posy>
                <include content="ProgressBar">
                    <param name="id" value="0"/>
                    <param name="visible" value="Integer.IsGreater(ListItem.PercentPlayed,0)"/>
                    <param name="x" value="70"/>
                    <param name="y" value="0"/>
                    <param name="width" value="382"/>
                    <param name="info" value="ListItem.PercentPlayed"/>
                    <param name="endRotation" value="0"/>
                    <param name="centerRotation" value="auto"/>
                    <param name="visiblefocus" value="false"/>
                    <param name="direction" value="horizontal"/>
                </include>
                <include content="ProgressBar">
                    <param name="id" value="0"/>
                    <param name="visible" value="Integer.IsGreater(ListItem.Progress,0)"/>
                    <param name="x" value="70"/>
                    <param name="y" value="0"/>
                    <param name="width" value="382"/>
                    <param name="info" value="ListItem.Progress"/>
                    <param name="endRotation" value="0"/>
                    <param name="centerRotation" value="auto"/>
                    <param name="visiblefocus" value="false"/>
                    <param name="direction" value="horizontal"/>
                </include>
                <control type="label">
                    <posx>70</posx>
                    <posy>30</posy>
                    <width>273</width>
                    <aligny>top</aligny>
                    <font>WidgetTitleFont</font>
                    <include>TextColor_AlternateColor</include>
                    <scroll>false</scroll>
                    <label>$PARAM[labelTitle]</label>
                </control>
                <control type="label">
                    <posx>70</posx>
                    <posy>80</posy>
                    <width>373</width>
                    <aligny>top</aligny>
                    <font>WidgetSubTitleFont</font>
                    <include>TextColor_AlternateColor</include>
                    <scroll>false</scroll>
                    <label>$PARAM[labelSubTitle]</label>
                </control>
            </control>
        </itemlayout>
        <focusedlayout height="511" width="393">
            <control type="group">
                <include>ButtonFocusAnimation</include>
                <include content="ThumbsImages">
                    <param name="visible" value="control.hasfocus($PARAM[id])"/>
                    <param name="visibleFrameHighlight" value="control.hasfocus($PARAM[id])"/>
                    <param name="x" value="70"/>
                    <param name="y" value="0"/>
                    <param name="width" value="383"/>
                    <param name="height" value="383"/>
                    <param name="aspectratio" value="scale"/>
                    <param name="align" value="center"/>
                    <param name="aligny" value="center"/>
                    <param name="flipy" value="false"/>
                    <param name="texture" value="$VAR[Thumbs]"/>
                    <param name="fallback" value="DefaultFile.png"/>
                    <param name="texturediffuse" value="ThumbsFocusedColor"/>
                    <param name="borderdiffuse" value="$VAR[Picked.HighLight.Color]"/>
                </include>
                <include content="ThumbsImages">
                    <param name="visible" value="!control.hasfocus($PARAM[id])"/>
                    <param name="visibleFrameHighlight" value="false"/>
                    <param name="x" value="70"/>
                    <param name="y" value="0"/>
                    <param name="width" value="383"/>
                    <param name="height" value="383"/>
                    <param name="aspectratio" value="scale"/>
                    <param name="align" value="center"/>
                    <param name="aligny" value="center"/>
                    <param name="flipy" value="false"/>
                    <param name="texture" value="$VAR[Thumbs]"/>
                    <param name="fallback" value="DefaultFile.png"/>
                    <param name="texturediffuse" value="ThumbsUnfocusedColor"/>
                    <param name="borderdiffuse" value="BorderUnfocusedColor"/>
                </include>
                <control type="group">
                    <posy>382</posy>
                    <include content="ProgressBar">
                        <param name="id" value="0"/>
                        <param name="visible" value="Integer.IsGreater(ListItem.PercentPlayed,0)"/>
                        <param name="x" value="70"/>
                        <param name="y" value="0"/>
                        <param name="width" value="382"/>
                        <param name="info" value="ListItem.PercentPlayed"/>
                        <param name="endRotation" value="0"/>
                        <param name="centerRotation" value="auto"/>
                        <param name="visiblefocus" value="control.hasfocus($PARAM[id])"/>
                        <param name="direction" value="horizontal"/>
                    </include>
                    <include content="ProgressBar">
                        <param name="id" value="0"/>
                        <param name="visible" value="Integer.IsGreater(ListItem.Progress,0)"/>
                        <param name="x" value="70"/>
                        <param name="y" value="0"/>
                        <param name="width" value="382"/>
                        <param name="info" value="ListItem.Progress"/>
                        <param name="endRotation" value="0"/>
                        <param name="centerRotation" value="auto"/>
                        <param name="visiblefocus" value="control.hasfocus($PARAM[id])"/>
                        <param name="direction" value="horizontal"/>
                    </include>
                    <include content="FocusedIndicatorHorizontal">
                        <param name="x" value="70"/>
                        <param name="y" value="21"/>
                        <param name="width" value="383"/>
                        <param name="visible" value="control.hasfocus($PARAM[id])"/>
                    </include>
                    <control type="label">
                        <visible>control.hasfocus($PARAM[id])</visible>
                        <posx>70</posx>
                        <posy>30</posy>
                        <width>373</width>
                        <aligny>top</aligny>
                        <font>WidgetTitleFont</font>
                        <include>TextColor_MainColor</include>
                        <scroll>true</scroll>
                        <label>$PARAM[labelTitle]</label>
                    </control>
                    <control type="label">
                        <visible>control.hasfocus($PARAM[id])</visible>
                        <posx>70</posx>
                        <posy>80</posy>
                        <width>373</width>
                        <aligny>top</aligny>
                        <font>WidgetSubTitleFont</font>
                        <include>TextColor_MainColor</include>
                        <scroll>true</scroll>
                        <label>$PARAM[labelSubTitle]</label>
                    </control>
                    <control type="label">
                        <visible>!control.hasfocus($PARAM[id])</visible>
                        <posx>70</posx>
                        <posy>30</posy>
                        <width>373</width>
                        <aligny>top</aligny>
                        <font>WidgetTitleFont</font>
                        <include>TextColor_AlternateColor</include>
                        <scroll>false</scroll>
                        <label>$PARAM[labelTitle]</label>
                    </control>
                    <control type="label">
                        <visible>!control.hasfocus($PARAM[id])</visible>
                        <posx>70</posx>
                        <posy>80</posy>
                        <width>373</width>
                        <aligny>top</aligny>
                        <font>WidgetSubTitleFont</font>
                        <include>TextColor_AlternateColor</include>
                        <scroll>false</scroll>
                        <label>$PARAM[labelSubTitle]</label>
                    </control>
                </control>
            </control>
        </focusedlayout>
    </include>
    <include name="Widget_Episode">
        <posx>0</posx>
        <posy>82</posy>
        <width>1920</width>
        <height>408</height>
        <onleft>300</onleft>
        <onback>300</onback>
        <!--<preloaditems>4</preloaditems>-->
        <orientation>horizontal</orientation>
        <itemlayout height="408" width="505">
            <include content="ThumbsImages">
                <param name="visible" value="true"/>
                <param name="visibleFrameHighlight" value="false"/>
                <param name="x" value="70"/>
                <param name="y" value="0"/>
                <param name="width" value="495"/>
                <param name="height" value="280"/>
                <param name="aspectratio" value="scale"/>
                <param name="align" value="center"/>
                <param name="aligny" value="center"/>
                <param name="flipy" value="false"/>
                <param name="texture" value="$VAR[Thumbs]"/>
                <param name="fallback" value="defaultVideoCoverEpisode.png"/>
                <param name="texturediffuse" value="ThumbsUnfocusedColor"/>
                <param name="borderdiffuse" value="BorderUnfocusedColor"/>
            </include>
            <control type="group">
                <posy>279</posy>
                <include content="ProgressBar">
                    <param name="id" value="0"/>
                    <param name="visible" value="Integer.IsGreater(ListItem.PercentPlayed,0)"/>
                    <param name="x" value="70"/>
                    <param name="y" value="0"/>
                    <param name="width" value="494"/>
                    <param name="info" value="ListItem.PercentPlayed"/>
                    <param name="endRotation" value="0"/>
                    <param name="centerRotation" value="auto"/>
                    <param name="visiblefocus" value="false"/>
                    <param name="direction" value="horizontal"/>
                </include>
                <include content="ProgressBar">
                    <param name="id" value="0"/>
                    <param name="visible" value="Integer.IsGreater(ListItem.Progress,0)"/>
                    <param name="x" value="70"/>
                    <param name="y" value="0"/>
                    <param name="width" value="494"/>
                    <param name="info" value="ListItem.Progress"/>
                    <param name="endRotation" value="0"/>
                    <param name="centerRotation" value="auto"/>
                    <param name="visiblefocus" value="false"/>
                    <param name="direction" value="horizontal"/>
                </include>
                <control type="label">
                    <posx>70</posx>
                    <posy>30</posy>
                    <width>485</width>
                    <aligny>top</aligny>
                    <font>WidgetTitleFont</font>
                    <include>TextColor_AlternateColor</include>
                    <scroll>false</scroll>
                    <label>$PARAM[labelTitle]</label>
                </control>
                <control type="label">
                    <posx>70</posx>
                    <posy>80</posy>
                    <width>485</width>
                    <aligny>top</aligny>
                    <font>WidgetSubTitleFont</font>
                    <include>TextColor_AlternateColor</include>
                    <scroll>false</scroll>
                    <label>$PARAM[labelSubTitle]</label>
                </control>
            </control>
        </itemlayout>
        <focusedlayout height="408" width="505">
            <control type="group">
                <include>ButtonFocusAnimation</include>
                <include content="ThumbsImages">
                    <param name="visible" value="control.hasfocus($PARAM[id])"/>
                    <param name="visibleFrameHighlight" value="control.hasfocus($PARAM[id])"/>
                    <param name="x" value="70"/>
                    <param name="y" value="0"/>
                    <param name="width" value="495"/>
                    <param name="height" value="280"/>
                    <param name="aspectratio" value="scale"/>
                    <param name="align" value="center"/>
                    <param name="aligny" value="center"/>
                    <param name="flipy" value="false"/>
                    <param name="texture" value="$VAR[Thumbs]"/>
                    <param name="fallback" value="defaultVideoCoverEpisode.png"/>
                    <param name="texturediffuse" value="ThumbsFocusedColor"/>
                    <param name="borderdiffuse" value="$VAR[Picked.HighLight.Color]"/>
                </include>
                <include content="ThumbsImages">
                    <param name="visible" value="!control.hasfocus($PARAM[id])"/>
                    <param name="visibleFrameHighlight" value="false"/>
                    <param name="x" value="70"/>
                    <param name="y" value="0"/>
                    <param name="width" value="495"/>
                    <param name="height" value="280"/>
                    <param name="aspectratio" value="scale"/>
                    <param name="align" value="center"/>
                    <param name="aligny" value="center"/>
                    <param name="flipy" value="false"/>
                    <param name="texture" value="$VAR[Thumbs]"/>
                    <param name="fallback" value="defaultVideoCoverEpisode.png"/>
                    <param name="texturediffuse" value="ThumbsUnfocusedColor"/>
                    <param name="borderdiffuse" value="BorderUnfocusedColor"/>
                </include>
                <control type="group">
                    <posy>279</posy>
                    <include content="ProgressBar">
                        <param name="id" value="0"/>
                        <param name="visible" value="Integer.IsGreater(ListItem.PercentPlayed,0)"/>
                        <param name="x" value="70"/>
                        <param name="y" value="0"/>
                        <param name="width" value="494"/>
                        <param name="info" value="ListItem.PercentPlayed"/>
                        <param name="endRotation" value="0"/>
                        <param name="centerRotation" value="auto"/>
                        <param name="visiblefocus" value="control.hasfocus($PARAM[id])"/>
                        <param name="direction" value="horizontal"/>
                    </include>
                    <include content="ProgressBar">
                        <param name="id" value="0"/>
                        <param name="visible" value="Integer.IsGreater(ListItem.Progress,0)"/>
                        <param name="x" value="70"/>
                        <param name="y" value="0"/>
                        <param name="width" value="494"/>
                        <param name="info" value="ListItem.Progress"/>
                        <param name="endRotation" value="0"/>
                        <param name="centerRotation" value="auto"/>
                        <param name="visiblefocus" value="control.hasfocus($PARAM[id])"/>
                        <param name="direction" value="horizontal"/>
                    </include>
                    <include content="FocusedIndicatorHorizontal">
                        <param name="x" value="70"/>
                        <param name="y" value="21"/>
                        <param name="width" value="495"/>
                        <param name="visible" value="control.hasfocus($PARAM[id])"/>
                    </include>
                    <control type="label">
                        <visible>control.hasfocus($PARAM[id])</visible>
                        <posx>70</posx>
                        <posy>30</posy>
                        <width>485</width>
                        <aligny>top</aligny>
                        <font>WidgetTitleFont</font>
                        <include>TextColor_MainColor</include>
                        <scroll>true</scroll>
                        <label>$PARAM[labelTitle]</label>
                    </control>
                    <control type="label">
                        <visible>control.hasfocus($PARAM[id])</visible>
                        <posx>70</posx>
                        <posy>80</posy>
                        <width>485</width>
                        <aligny>top</aligny>
                        <font>WidgetSubTitleFont</font>
                        <include>TextColor_MainColor</include>
                        <scroll>true</scroll>
                        <label>$PARAM[labelSubTitle]</label>
                    </control>
                    <control type="label">
                        <visible>!control.hasfocus($PARAM[id])</visible>
                        <posx>70</posx>
                        <posy>30</posy>
                        <width>485</width>
                        <aligny>top</aligny>
                        <font>WidgetTitleFont</font>
                        <include>TextColor_AlternateColor</include>
                        <scroll>false</scroll>
                        <label>$PARAM[labelTitle]</label>
                    </control>
                    <control type="label">
                        <visible>!control.hasfocus($PARAM[id])</visible>
                        <posx>70</posx>
                        <posy>80</posy>
                        <width>485</width>
                        <aligny>top</aligny>
                        <font>WidgetSubTitleFont</font>
                        <include>TextColor_AlternateColor</include>
                        <scroll>false</scroll>
                        <label>$PARAM[labelSubTitle]</label>
                    </control>
                </control>
            </control>
        </focusedlayout>
    </include>
    <include name="Widget_Channel">
        <posx>320</posx>
        <posy>452</posy>
        <width>1385</width>
        <height>450</height>
        <onleft>300</onleft>
        <onback>300</onback>
        <!--<preloaditems>4</preloaditems>-->
        <orientation>horizontal</orientation>
        <itemlayout height="450" width="439">
            <include content="ThumbsImages">
                <param name="visible" value="true"/>
                <param name="visibleFrameHighlight" value="false"/>
                <param name="x" value="70"/>
                <param name="y" value="0"/>
                <param name="width" value="429"/>
                <param name="height" value="322"/>
                <param name="aspectratio" value="scale"/>
                <param name="align" value="center"/>
                <param name="aligny" value="center"/>
                <param name="flipy" value="false"/>
                <param name="texture" value="$VAR[ThumbsPvr]"/>
                <param name="fallback" value="defaultChannel.png"/>
                <param name="texturediffuse" value="ThumbsUnfocusedColor"/>
                <param name="borderdiffuse" value="BorderUnfocusedColor"/>
            </include>
            <control type="group">
                <posy>321</posy>
                <include content="ProgressBar">
                    <param name="id" value="0"/>
                    <param name="visible" value="Integer.IsGreater(ListItem.PercentPlayed,0)"/>
                    <param name="x" value="70"/>
                    <param name="y" value="0"/>
                    <param name="width" value="428"/>
                    <param name="info" value="ListItem.PercentPlayed"/>
                    <param name="endRotation" value="0"/>
                    <param name="centerRotation" value="auto"/>
                    <param name="visiblefocus" value="false"/>
                    <param name="direction" value="horizontal"/>
                </include>
                <include content="ProgressBar">
                    <param name="id" value="0"/>
                    <param name="visible" value="Integer.IsGreater(ListItem.Progress,0)"/>
                    <param name="x" value="70"/>
                    <param name="y" value="0"/>
                    <param name="width" value="428"/>
                    <param name="info" value="ListItem.Progress"/>
                    <param name="endRotation" value="0"/>
                    <param name="centerRotation" value="auto"/>
                    <param name="visiblefocus" value="false"/>
                    <param name="direction" value="horizontal"/>
                </include>
                <control type="label">
                    <posx>70</posx>
                    <posy>30</posy>
                    <width>419</width>
                    <aligny>top</aligny>
                    <font>WidgetTitleFont</font>
                    <include>TextColor_AlternateColor</include>
                    <scroll>false</scroll>
                    <label>$PARAM[labelTitle]</label>
                </control>
                <control type="label">
                    <posx>70</posx>
                    <posy>80</posy>
                    <width>419</width>
                    <aligny>top</aligny>
                    <font>WidgetSubTitleFont</font>
                    <include>TextColor_AlternateColor</include>
                    <scroll>false</scroll>
                    <label>$PARAM[labelSubTitle]</label>
                </control>
            </control>
        </itemlayout>
        <focusedlayout height="450" width="439">
            <control type="group">
                <include>ButtonFocusAnimation</include>
                <include content="ThumbsImages">
                    <param name="visible" value="control.hasfocus($PARAM[id])"/>
                    <param name="visibleFrameHighlight" value="control.hasfocus($PARAM[id])"/>
                    <param name="x" value="70"/>
                    <param name="y" value="0"/>
                    <param name="width" value="429"/>
                    <param name="height" value="322"/>
                    <param name="aspectratio" value="scale"/>
                    <param name="align" value="center"/>
                    <param name="aligny" value="center"/>
                    <param name="flipy" value="false"/>
                    <param name="texture" value="$VAR[ThumbsPvr]"/>
                    <param name="fallback" value="defaultChannel.png"/>
                    <param name="texturediffuse" value="ThumbsFocusedColor"/>
                    <param name="borderdiffuse" value="$VAR[Picked.HighLight.Color]"/>
                </include>
                <include content="ThumbsImages">
                    <param name="visible" value="!control.hasfocus($PARAM[id])"/>
                    <param name="visibleFrameHighlight" value="false"/>
                    <param name="x" value="70"/>
                    <param name="y" value="0"/>
                    <param name="width" value="429"/>
                    <param name="height" value="322"/>
                    <param name="aspectratio" value="scale"/>
                    <param name="align" value="center"/>
                    <param name="aligny" value="center"/>
                    <param name="flipy" value="false"/>
                    <param name="texture" value="$VAR[ThumbsPvr]"/>
                    <param name="fallback" value="defaultChannel.png"/>
                    <param name="texturediffuse" value="ThumbsUnfocusedColor"/>
                    <param name="borderdiffuse" value="BorderUnfocusedColor"/>
                </include>
                <control type="group">
                    <posy>321</posy>
                    <include content="ProgressBar">
                        <param name="id" value="0"/>
                        <param name="visible" value="Integer.IsGreater(ListItem.PercentPlayed,0)"/>
                        <param name="x" value="70"/>
                        <param name="y" value="0"/>
                        <param name="width" value="428"/>
                        <param name="info" value="ListItem.PercentPlayed"/>
                        <param name="endRotation" value="0"/>
                        <param name="centerRotation" value="auto"/>
                        <param name="visiblefocus" value="control.hasfocus($PARAM[id])"/>
                        <param name="direction" value="horizontal"/>
                    </include>
                    <include content="ProgressBar">
                        <param name="id" value="0"/>
                        <param name="visible" value="Integer.IsGreater(ListItem.Progress,0)"/>
                        <param name="x" value="70"/>
                        <param name="y" value="0"/>
                        <param name="width" value="428"/>
                        <param name="info" value="ListItem.Progress"/>
                        <param name="endRotation" value="0"/>
                        <param name="centerRotation" value="auto"/>
                        <param name="visiblefocus" value="control.hasfocus($PARAM[id])"/>
                        <param name="direction" value="horizontal"/>
                    </include>
                    <include content="FocusedIndicatorHorizontal">
                        <param name="x" value="70"/>
                        <param name="y" value="21"/>
                        <param name="width" value="429"/>
                        <param name="visible" value="control.hasfocus($PARAM[id])"/>
                    </include>
                    <control type="label">
                        <visible>control.hasfocus($PARAM[id])</visible>
                        <posx>70</posx>
                        <posy>30</posy>
                        <width>419</width>
                        <aligny>top</aligny>
                        <font>WidgetTitleFont</font>
                        <include>TextColor_MainColor</include>
                        <scroll>true</scroll>
                        <label>$PARAM[labelTitle]</label>
                    </control>
                    <control type="label">
                        <visible>control.hasfocus($PARAM[id])</visible>
                        <posx>70</posx>
                        <posy>80</posy>
                        <width>419</width>
                        <aligny>top</aligny>
                        <font>WidgetSubTitleFont</font>
                        <include>TextColor_MainColor</include>
                        <scroll>true</scroll>
                        <label>$PARAM[labelSubTitle]</label>
                    </control>
                    <control type="label">
                        <visible>!control.hasfocus($PARAM[id])</visible>
                        <posx>70</posx>
                        <posy>30</posy>
                        <width>419</width>
                        <aligny>top</aligny>
                        <font>WidgetTitleFont</font>
                        <include>TextColor_AlternateColor</include>
                        <scroll>false</scroll>
                        <label>$PARAM[labelTitle]</label>
                    </control>
                    <control type="label">
                        <visible>!control.hasfocus($PARAM[id])</visible>
                        <posx>70</posx>
                        <posy>80</posy>
                        <width>419</width>
                        <aligny>top</aligny>
                        <font>WidgetSubTitleFont</font>
                        <include>TextColor_AlternateColor</include>
                        <scroll>false</scroll>
                        <label>$PARAM[labelSubTitle]</label>
                    </control>
                </control>
            </control>
        </focusedlayout>
    </include>

    <include name="WidgetsCollection">

        <!-- -->
        <!--PLEX-->
        <!-- -->

        <!--PICTURES-->
        <include condition="!Skin.HasSetting(Hide.RecentlyAdded) + Skin.HasSetting(plexbmc)" content="PlexWidget">
            <param name="title" value="$LOCALIZE[31961]"/>
            <param name="ondown" value="901"/>
            <param name="onup" value="300"/>
            <param name="onright" value="901"/>
            <param name="height" value="608"/>
            <param name="gfxType" value="Square"/>
            <param name="content" value="PlexRecentPhotoContent"/>
            <param name="id" value="900"/>
            <param name="visibility" value="String.IsEqual(Container(300).ListItem.Property(type),photo)"/>
            <param name="labelTitle" value="$INFO[ListItem.Label]"/>
            <param name="labelSubTitle" value=""/>
        </include>
        <!--QUEUE-->
        <include condition="!Skin.HasSetting(Hide.RecentlyAdded) + Skin.HasSetting(plexbmc)" content="PlexWidget">
            <param name="title" value="$LOCALIZE[31961]"/>
            <param name="ondown" value="311"/>
            <param name="onup" value="900"/>
            <param name="onright" value="311"/>
            <param name="height" value="608"/>
            <param name="gfxType" value="Square"/>
            <param name="content" value="PlexQueueContent"/>
            <param name="id" value="901"/>
            <param name="visibility" value="String.IsEqual(Container(300).ListItem.Label,$LOCALIZE[31010])"/>
            <param name="labelTitle" value="$INFO[ListItem.Label]"/>
            <param name="labelSubTitle" value="-"/>
        </include>
        <!--MOVIES-->
        <include condition="!Skin.HasSetting(Hide.RecentlyAdded) + Skin.HasSetting(plexbmc)" content="PlexWidget">
            <param name="title" value="$LOCALIZE[31961]"/>
            <param name="height" value="697"/>
            <param name="ondown" value="312"/>
            <param name="onup" value="901"/>
            <param name="onright" value="312"/>
            <param name="gfxType" value="Poster"/>
            <param name="content" value="PlexRecentMovieContent"/>
            <param name="id" value="311"/>
            <param name="visibility" value="String.IsEqual(Container(300).ListItem.Property(type),movie)"/>
            <param name="labelTitle" value="$INFO[ListItem.Label]"/>
            <param name="labelSubTitle" value="$INFO[ListItem.Property(Rating),,[COLOR=SeparatorColor] › [/COLOR]]$INFO[ListItem.Property(Year),,[COLOR=SeparatorColor] › [/COLOR]]$INFO[ListItem.Property(Runtime),, $LOCALIZE[31297]]"/>
        </include>
        <include condition="!Skin.HasSetting(Hide.RecentlyAdded) + Skin.HasSetting(plexbmc)" content="PlexWidget">
            <param name="title" value="$LOCALIZE[31011]"/>
            <param name="height" value="697"/>
            <param name="ondown" value="511"/>
            <param name="onup" value="311"/>
            <param name="onright" value="511"/>
            <param name="gfxType" value="Poster"/>
            <param name="content" value="PlexOnDeckMovieContent"/>
            <param name="id" value="312"/>
            <param name="visibility" value="String.IsEqual(Container(300).ListItem.Property(type),movie)"/>
            <param name="labelTitle" value="$INFO[ListItem.Label]"/>
            <param name="labelSubTitle" value="$INFO[ListItem.Property(Rating),,[COLOR=SeparatorColor] › [/COLOR]]$INFO[ListItem.Property(Year),,[COLOR=SeparatorColor] › [/COLOR]]$INFO[ListItem.Property(Runtime),, $LOCALIZE[31297]]"/>
        </include>
        <!--ALBUMS-->
        <include condition="!Skin.HasSetting(Hide.RecentlyAdded) + Skin.HasSetting(plexbmc)" content="PlexWidget">
            <param name="title" value="$LOCALIZE[31961]"/>
            <param name="ondown" value="212"/>
            <param name="onup" value="312"/>
            <param name="onright" value="212"/>
            <param name="height" value="608"/>
            <param name="gfxType" value="Square"/>
            <param name="content" value="PlexRecentAlbumContent"/>
            <param name="id" value="511"/>
            <param name="visibility" value="String.IsEqual(Container(300).ListItem.Property(type),artist)"/>
            <param name="labelTitle" value="$INFO[ListItem.Label]"/>
            <param name="labelSubTitle" value="$INFO[ListItem.Label2]"/>
        </include>
        <!--CHANNELS-->
        <include condition="!Skin.HasSetting(Hide.RecentlyAdded) + Skin.HasSetting(plexbmc)" content="PlexWidget">
            <param name="title" value="$LOCALIZE[31961]"/>
            <param name="ondown" value="411"/>
            <param name="onup" value="511"/>
            <param name="onright" value="411"/>
            <param name="height" value="608"/>
            <param name="gfxType" value="Square"/>
            <param name="content" value="PlexRecentChannelContent"/>
            <param name="id" value="212"/>
            <param name="visibility" value="Container(300).HasFocus(50)"/>
            <param name="labelTitle" value="$INFO[ListItem.Label]"/>
            <param name="labelSubTitle" value="-"/>
        </include>
        <!--EPISODES-->
        <include condition="!Skin.HasSetting(Hide.RecentlyAdded) + Skin.HasSetting(plexbmc)" content="PlexWidget">
            <param name="title" value="$LOCALIZE[31961]"/>
            <param name="height" value="697"/>
            <param name="ondown" value="412"/>
            <param name="onup" value="212"/>
            <param name="onright" value="412"/>
            <param name="gfxType" value="Poster"/>
            <param name="content" value="PlexRecentEpisodeContent"/>
            <param name="id" value="411"/>
            <param name="visibility" value="String.IsEqual(Container(300).ListItem.Property(type),show)"/>
            <param name="labelTitle" value="$INFO[ListItem.Property(TVshowTitle)]"/>
            <param name="labelSubTitle" value="$INFO[ListItem.Property(SeasonEpisode)]$INFO[ListItem.Property(Rating),[COLOR=SeparatorColor] › [/COLOR]]$INFO[ListItem.Property(Runtime),[COLOR=SeparatorColor] › [/COLOR], $LOCALIZE[31297]]"/>
        </include>
        <include condition="!Skin.HasSetting(Hide.RecentlyAdded) + Skin.HasSetting(plexbmc)" content="PlexWidget">
            <param name="title" value="$LOCALIZE[31011]"/>
            <param name="height" value="697"/>
            <param name="ondown" value="413"/>
            <param name="onup" value="411"/>
            <param name="onright" value="413"/>
            <param name="gfxType" value="Poster"/>
            <param name="content" value="PlexOnDeckEpisodeContent"/>
            <param name="id" value="412"/>
            <param name="visibility" value="String.IsEqual(Container(300).ListItem.Property(type),show)"/>
            <param name="labelTitle" value="$INFO[ListItem.Property(TVshowTitle)]"/>
            <param name="labelSubTitle" value="$INFO[ListItem.Property(SeasonEpisode)]$INFO[ListItem.Property(Rating),[COLOR=SeparatorColor] › [/COLOR]]$INFO[ListItem.Property(Runtime),[COLOR=SeparatorColor] › [/COLOR], $LOCALIZE[31297]]"/>
        </include>
        <include condition="!Skin.HasSetting(Hide.RecentlyAdded) + Skin.HasSetting(plexbmc)" content="PlexWidget">
            <param name="title" value="$LOCALIZE[31932]"/>
            <param name="height" value="697"/>
            <param name="ondown" value="700011"/>
            <param name="onup" value="412"/>
            <param name="onright" value="700011"/>
            <param name="gfxType" value="Poster"/>
            <param name="content" value="PlexRecentlyViewedShowContent"/>
            <param name="id" value="413"/>
            <param name="visibility" value="String.IsEqual(Container(300).ListItem.Property(type),show)"/>
            <param name="labelTitle" value="$INFO[ListItem.Label]"/>
            <param name="labelSubTitle" value="$INFO[ListItem.Property(Rating),,[COLOR=SeparatorColor] › [/COLOR]]$INFO[ListItem.Property(Year),,[COLOR=SeparatorColor] › [/COLOR]]$INFO[ListItem.Property(Runtime),, $LOCALIZE[31297]]"/>
        </include>

        <!-- -->
        <!--CUSTOM WIDGETS-->
        <!-- -->

        <include condition="!Skin.HasSetting(Hide.RecentlyAdded)">skinshortcuts-template-widget</include>
        <include condition="!Skin.HasSetting(Hide.RecentlyAdded)">skinshortcuts-template-widget.1</include>
        <include condition="!Skin.HasSetting(Hide.RecentlyAdded)">skinshortcuts-template-widget.2</include>
        <include condition="!Skin.HasSetting(Hide.RecentlyAdded)">skinshortcuts-template-widget.3</include>
        <include condition="!Skin.HasSetting(Hide.RecentlyAdded)">skinshortcuts-template-widget.4</include>
    </include>
</includes>
