<?xml version="1.0" encoding="UTF-8"?>
<addon id="plugin.video.wagasworld" version="2.0" name="Wagasworld" provider-name="Mari">
<requires>
  <import addon="xbmc.python" version="2.25.0"/>
  <import addon="script.module.requests" version="2.9.1"/>
</requires>
<extension point="xbmc.python.pluginsource" library="main.py">
  <provides>video</provides>
</extension>
 <extension point="xbmc.addon.metadata">
    <summary lang="de">WagasWorld Stream Portal</summary>
    <description lang="de">[COLOR white]Facebook Gruppe:[/COLOR][COLOR red] https://www.facebook.com/groups/wagasworld [/COLOR][COLOR white] Homepage:[/COLOR][COLOR red] www.wagasworld.com wo Jeder User einen Channel erstellen kann [/COLOR]| [COLOR white] Kontakt:[/COLOR][COLOR red]support@wagasworld.com[/COLOR] [COLOR white] /  Nicht vergessen immer schoen [COLOR red]WAGA[/COLOR] Bleiben[/COLOR]</description>
  <assets>
    <icon>icon.png</icon>
    <fanart>fanart.jpg</fanart>
  </assets>
  </extension>
</addon>