<?xml version="1.0" encoding="UTF-8" standalone="yes"?>
<addon id="plugin.video.helvete-tv" name="[COLOR red]Helvete[/COLOR] [COLOR white]TV[/COLOR]" version="19.20+matrix3" provider-name="">
    <requires>
		<import addon="xbmc.python" version="3.0.0"/>
		<import addon="script.module.requests" version="2.25.1+matrix.1"/>
	</requires>
	<extension point="xbmc.python.pluginsource" library="addon.py">
		<provides>video</provides>
	</extension>
	<extension point="xbmc.addon.metadata">
		<platform>all</platform>
		<summary lang="en">[COLORred] LIVE-TV, VOD, SERIEN[/COLOR] KODi Matrix KODi Nexus</summary>
		<description></description>
		<license></license>
		<language></language>
		<forum></forum>
		<assets>
            <icon>icon.png</icon>
            <fanart></fanart>
        </assets>


	</extension>
</addon>
