<?xml version="1.0" encoding="UTF-8"?>

<colors>

	<color name="white">FFF1F1F1</color> 		<!--bazı SEÇİLİ YERLER VE BAŞLIKLARIN BEYAZI-->
	<color name="grey">FFb4b4b4</color>
	<color name="grey2">FF999999</color>
	<color name="grey3">FF505050</color>
	<color name="black">FF000000</color>
	<color name="blue">FF0084ff</color>
	<color name="selected">FFEB9E17</color>
	<color name="invalid">FFFF0000</color>
	
	
	<color name="bg.overlay"></color>
	<color name="dialog.overlay">50000000</color>
	<color name="button.nf">75222222</color>
	<color name="text.primary">FFF1F1F1</color>   <!--Tüm menulerdeki  BEYAZ  yazı-->
	<color name="text.primary2">A2000000</color>   <!--SOL menulerdeki SIYAH yazı-->	
	<color name="text.secondary">FF666666</color>
	<color name="disabled">AABBBBBB</color>
	<color name="shadow">50222222</color>
	
	<color name="primary">FFFFFFFF</color>
	<color name="secondary">FFAAAAAA</color>
	<color name="tertiary">22FFFFFF</color>  	<!--MENU İÇİ BEYAZ-->
	<color name="tertiary2">FFDDDDDD</color>
	<color name="tertiary3">22FFFFFF</color>
	<color name="tertiary4">BBFFFFFF</color>
	<color name="tertiary5">77e51c23</color> 	<!--SOL KENAR KIRMIZI KENAR FON-->
	<color name="tertiary6">44e51c23</color> 	<!--SOL KENAR KIRMIZI SİLİK OKCUK-->
	<color name="tertiary7">F1505050</color>    <!--VIDEO SETTINGS GRI FON-->
	<color name="tertiary8">DF999999</color>    <!--VIDEO SETTINGS ALT BAR-->
	
	<color name="shade.1">15FFFFFF</color>
	
	<color name="button.border">FFCCCCCC</color>
	<color name="scroll.secondary">FFDDDDDD</color>
	
	
	<color name="red">FFFF0000</color>
	<color name="green">FF00FF00</color>
	<color name="pink">FFFA04DA</color>
	<color name="orange">FFFAA604</color>
	
</colors>