<?xml version="1.0" encoding="utf-8"?>
<addon id="skin.helvete" version="4.0.3" name="helvete" provider-name="Tgx">
    <requires>
        <import addon="xbmc.gui" version="5.14.0"/>
        <import addon="script.favourites" version="3.2.0"/>
        <import addon="script.skinshortcuts" version="0.2.4"/>
        <import addon="resource.images.weatherfanart.single" version="0.0.4"/>
        <import addon="resource.images.weathericons.outline" version="0.0.4"/>
        <import addon="resource.images.languageflags.colour" version="0.0.2"/>
        <import addon="resource.images.studios.white" version="0.0.6"/>
        <import addon="resource.images.recordlabels.white" version="0.0.6"/>
        <import addon="resource.uisounds.nebula" version="0.0.1"/>
        <!--<import addon="script.extendedinfo" version="2.0.0"/>-->
        <import addon="script.image.resource.select" version="0.0.5"/>
        <import addon="script.skin.helper.service" version="1.1.3"/>
        <import addon="script.skin.helper.backgrounds" version="1.0.21"/>
        <import addon="script.skin.helper.colorpicker" version="1.0.11"/>
        <import addon="script.skin.helper.skinbackup" version="1.0.12"/>
        <import addon="plugin.program.autocompletion" version="1.0.1"/>
    </requires>
    <extension point="xbmc.gui.skin" debugging="false">
        <res width="1920" height="1080" aspect="16:9" default="true" folder="1080i"/>
    </extension>
    <extension point="xbmc.addon.metadata">
        <summary lang="en_GB">Minimalist skin optimized for Full HD TV screens.</summary>
        <summary lang="it_IT">Skin minimalista ottimizzata per TV Full HD.</summary>
        <description lang="en_GB">Minimalist skin optimized for Full HD TV screens.</description>
        <description lang="it_IT">Skin minimalista ottimizzata per TV Full HD.</description>
        <disclaimer lang="bg_BG">Обликът не работи на Apple TV 2</disclaimer>
        <disclaimer lang="cs_CZ">Tento skin nefunguje na Apple Tv 2</disclaimer>
        <disclaimer lang="de_DE">Dieses Skin funktioniert nicht auf Apple TV 2</disclaimer>
        <disclaimer lang="el_GR">Αυτό το κέλυφος δε δουλεύει με την Apple TV 2</disclaimer>
        <disclaimer lang="en_GB">This skin does not work on Apple Tv 2</disclaimer>
        <disclaimer lang="en_NZ">This skin does not work on Apple TV 2</disclaimer>
        <disclaimer lang="en_US">This skin does not work on Apple TV 2</disclaimer>
        <disclaimer lang="es_ES">Este skin no funciona con Apple TV 2</disclaimer>
        <disclaimer lang="fi_FI">Tämä ulkoasu ei toimi Apple TV 2:n kanssa</disclaimer>
        <disclaimer lang="fr_CA">Cet habillage ne fonctionne pas sur Apple TV 2</disclaimer>
        <disclaimer lang="fr_FR">Cet habillage ne fonctionne pas sur Apple TV 2</disclaimer>
        <disclaimer lang="gl_ES">Este tema non é compatible co Apple Tv 2</disclaimer>
        <disclaimer lang="he_IL">המעטפת לא מתאימה עבור Apple Tv 2</disclaimer>
        <disclaimer lang="hu_HU">Ez a felszín nem működik az Apple Tv 2-n</disclaimer>
        <disclaimer lang="is_IS">Þetta skin virkar ekki á Apple Tv 2 </disclaimer>
        <disclaimer lang="it_IT">Questa Skin non funziona su Apple TV 2</disclaimer>
        <disclaimer lang="lt_LT">Ši teminė išvaizda neveikia Apple Tv 2 įrenginiuose</disclaimer>
        <disclaimer lang="ms_MY">Kulit ini tidak berfungsi dalam Apple Tv 2</disclaimer>
        <disclaimer lang="nl_NL">Deze skin werkt niet op Apple TV 2</disclaimer>
        <disclaimer lang="pl_PL">Ta skóra nie działa na Apple Tv 2</disclaimer>
        <disclaimer lang="pt_BR">Esta skin não funciona na Apple TV 2.</disclaimer>
        <disclaimer lang="pt_PT">Este tema não funciona na Apple TV 2</disclaimer>
        <disclaimer lang="sk_SK">Tento vzhľad nepodporuje Apple Tv 2</disclaimer>
        <disclaimer lang="sl_SI">Ta preobleka ne deluje na Apple Tv 2</disclaimer>
        <disclaimer lang="sv_SE">Detta skalet fungerar inte på Apple TV2</disclaimer>
        <disclaimer lang="zh_CN">此皮肤不能用于 Apple Tv 2</disclaimer>
        <platform>all</platform>
        <license>Creative Commons Attribution-ShareAlike 3.0 Unported License</license>
        <forum>http://forum.kodi.tv/showthread.php?tid=311074</forum>
        <website>https://github.com/Tgxcorporation/skin.andromeda/wiki</website>
        <source>https://github.com/Tgxcorporation/skin.andromeda</source>
        <assets>
            <icon>icon.png</icon>
            <fanart>fanart.jpg</fanart>
            <screenshot>screenshots/screenshot01.jpg</screenshot>
            <screenshot>screenshots/screenshot02.jpg</screenshot>
            <screenshot>screenshots/screenshot03.jpg</screenshot>
            <screenshot>screenshots/screenshot04.jpg</screenshot>
            <screenshot>screenshots/screenshot05.jpg</screenshot>
            <screenshot>screenshots/screenshot06.jpg</screenshot>
            <screenshot>screenshots/screenshot07.jpg</screenshot>
            <screenshot>screenshots/screenshot08.jpg</screenshot>
            <screenshot>screenshots/screenshot09.jpg</screenshot>
            <screenshot>screenshots/screenshot10.jpg</screenshot>
        </assets>
    </extension>
</addon>
