<?xml version='1.0' encoding='UTF-8'?>
<includes>
	<include name="skinshortcuts-mainmenu">
		<item id="1">
			<property name="id">$NUMBER[1]</property>
			<label>Voodoo- [COLOR red]Installieren[/COLOR]</label>
			<label2>Video Add-On</label2>
			<icon>DefaultShortcut.png</icon>
			<thumb>image://%2fstorage%2femulated%2f0%2fAndroid%2fdata%2fde.voodoo.fork%2ffiles%2f.kodi%2faddons%2fprogram.voodoo-Install%2ficon.png/</thumb>
			<property name="labelID">program.voodoo-Install</property>
			<property name="defaultID">program.voodoo-Install</property>
			<visible>False</visible>
			<onclick>noop</onclick>
			<property name="hasSubmenu">False</property>
		</item>
		<item id="2">
			<property name="id">$NUMBER[2]</property>
			<label>FILME </label>
			<label2>Benutzerdefinierte Einträge</label2>
			<icon>special://skin/extras/icons/film.png</icon>
			<thumb />
			<property name="labelID">filme</property>
			<property name="defaultID">movies</property>
			<property name="widgetLayout">Square</property>
			<onclick>ActivateWindow(Videos,"plugin://plugin.video.lastship/?action=movieNavigator",return)</onclick>
			<property name="path">ActivateWindow(Videos,"plugin://plugin.video.lastship/?action=movieNavigator",return)</property>
			<property name="list">plugin://plugin.video.lastship/?action=movieNavigator</property>
			<visible>String.IsEqual(System.ProfileName,Master user)</visible>
			<property name="submenuVisibility">filme</property>
			<property name="group">mainmenu</property>
			<property name="hasSubmenu">True</property>
		</item>
		<item id="3">
			<property name="id">$NUMBER[3]</property>
			<label>SERIEN</label>
			<label2>Benutzerdefinierte Einträge</label2>
			<icon>DefaultShortcut.png</icon>
			<thumb>special://skin/extras/icons/eye.png</thumb>
			<property name="labelID">serien</property>
			<property name="defaultID" />
			<property name="widgetLayout">Square</property>
			<onclick>ActivateWindow(Videos,"plugin://plugin.video.lastship/?action=tvNavigator",return)</onclick>
			<property name="path">ActivateWindow(Videos,"plugin://plugin.video.lastship/?action=tvNavigator",return)</property>
			<property name="list">plugin://plugin.video.lastship/?action=tvNavigator</property>
			<visible>String.IsEqual(System.ProfileName,Master user)</visible>
			<property name="submenuVisibility">serien</property>
			<property name="group">mainmenu</property>
			<property name="hasSubmenu">True</property>
		</item>
		<item id="4">
			<property name="id">$NUMBER[4]</property>
			<label>KINDER</label>
			<label2>Benutzerdefinierte Einträge</label2>
			<icon>DefaultShortcut.png</icon>
			<thumb>special://skin/extras/icons/octo.png</thumb>
			<property name="labelID">kinder</property>
			<property name="defaultID" />
			<property name="widgetLayout">Square</property>
			<onclick>ActivateWindow(Videos,"plugin://plugin.video.xstream/?site=kindertube&amp;function=load&amp;title=Kindertube&amp;params=0",return)</onclick>
			<property name="path">ActivateWindow(Videos,"plugin://plugin.video.xstream/?site=kindertube&amp;function=load&amp;title=Kindertube&amp;params=0",return)</property>
			<property name="list">plugin://plugin.video.xstream/?site=kindertube&amp;function=load&amp;title=Kindertube&amp;params=0</property>
			<visible>String.IsEqual(System.ProfileName,Master user)</visible>
			<property name="submenuVisibility">kinder</property>
			<property name="group">mainmenu</property>
			<property name="hasSubmenu">True</property>
		</item>
		<item id="5">
			<property name="id">$NUMBER[5]</property>
			<label>LIVE TV</label>
			<label2>Benutzerdefinierte Einträge</label2>
			<icon>DefaultShortcut.png</icon>
			<thumb />
			<property name="labelID">plugin.video.voodoo-tv</property>
			<property name="defaultID" />
			<property name="widgetLayout">Square</property>
			<onclick>ActivateWindow(Videos,"plugin://plugin.video.voodoo-tv",return)</onclick>
			<property name="path">ActivateWindow(Videos,"plugin://plugin.video.voodoo-tv",return)</property>
			<property name="list">plugin://plugin.video.voodoo-tv</property>
			<visible>String.IsEqual(System.ProfileName,Master user)</visible>
			<property name="submenuVisibility">plugin-video-voodoo-tv</property>
			<property name="group">mainmenu</property>
			<property name="hasSubmenu">False</property>
		</item>
		<item id="6">
			<property name="id">$NUMBER[6]</property>
			<label>TV</label>
			<label2>Benutzerdefinierte Einträge</label2>
			<icon>DefaultTVShows.png</icon>
			<thumb />
			<property name="labelID">tv</property>
			<property name="defaultID">livetv</property>
			<property name="translatedPath">ActivateWindow(TVGuide)</property>
			<property name="widgetLayout">Square</property>
			<onclick>ActivateWindow(TVChannels)</onclick>
			<property name="path">ActivateWindow(TVChannels)</property>
			<property name="list">TVChannels</property>
			<visible>String.IsEqual(System.ProfileName,Master user)</visible>
			<property name="submenuVisibility">tv</property>
			<property name="group">mainmenu</property>
			<property name="hasSubmenu">True</property>
		</item>
		<item id="7">
			<property name="id">$NUMBER[7]</property>
			<label>SPORT</label>
			<label2>Benutzerdefinierte Einträge</label2>
			<icon>DefaultShortcut.png</icon>
			<thumb />
			<property name="labelID">sport</property>
			<property name="defaultID" />
			<property name="widgetLayout">Square</property>
			<onclick>ActivateWindow(Videos,"plugin://plugin.video.sport365.live/?foldername=Sport365+LIVE&amp;params=%7B%27_service%27%3A+%27sport365%27%2C+%27_act%27%3A+%27ListChannels%27%7D&amp;ex_link=&amp;mode=site2",return)</onclick>
			<property name="path">ActivateWindow(Videos,"plugin://plugin.video.sport365.live/?foldername=Sport365+LIVE&amp;params=%7B%27_service%27%3A+%27sport365%27%2C+%27_act%27%3A+%27ListChannels%27%7D&amp;ex_link=&amp;mode=site2",return)</property>
			<property name="list">plugin://plugin.video.sport365.live/?foldername=Sport365+LIVE&amp;params=%7B%27_service%27%3A+%27sport365%27%2C+%27_act%27%3A+%27ListChannels%27%7D&amp;ex_link=&amp;mode=site2</property>
			<visible>String.IsEqual(System.ProfileName,Master user)</visible>
			<property name="submenuVisibility">sport</property>
			<property name="group">mainmenu</property>
			<property name="hasSubmenu">True</property>
		</item>
		<item id="8">
			<property name="id">$NUMBER[8]</property>
			<label>MEDIATHEK</label>
			<label2>Benutzerdefinierte Einträge</label2>
			<icon>DefaultShortcut.png</icon>
			<thumb />
			<property name="labelID">plugin.video.mediathek</property>
			<property name="defaultID" />
			<property name="widgetLayout">Square</property>
			<onclick>ActivateWindow(Videos,"plugin://plugin.video.mediathek",return)</onclick>
			<property name="path">ActivateWindow(Videos,"plugin://plugin.video.mediathek",return)</property>
			<property name="list">plugin://plugin.video.mediathek</property>
			<visible>String.IsEqual(System.ProfileName,Master user)</visible>
			<property name="submenuVisibility">plugin-video-mediathek</property>
			<property name="group">mainmenu</property>
			<property name="hasSubmenu">True</property>
		</item>
		<item id="9">
			<property name="id">$NUMBER[9]</property>
			<label>MUSIK</label>
			<label2>Benutzerdefinierte Einträge</label2>
			<icon>DefaultShortcut.png</icon>
			<thumb />
			<property name="labelID">plugin.audio.mp3streams</property>
			<property name="defaultID" />
			<property name="widgetLayout">Square</property>
			<onclick>ActivateWindow(Music,"plugin://plugin.audio.mp3streams",return)</onclick>
			<property name="path">ActivateWindow(Music,"plugin://plugin.audio.mp3streams",return)</property>
			<property name="list">plugin://plugin.audio.mp3streams</property>
			<visible>String.IsEqual(System.ProfileName,Master user)</visible>
			<property name="submenuVisibility">plugin-audio-mp3streams</property>
			<property name="group">mainmenu</property>
			<property name="hasSubmenu">True</property>
		</item>
		<item id="10">
			<property name="id">$NUMBER[10]</property>
			<label>$LOCALIZE[10004]</label>
			<label2>Common Shortcut</label2>
			<icon>special://skin/extras/icons/settings.png</icon>
			<thumb />
			<property name="labelID">settings</property>
			<property name="defaultID">settings</property>
			<visible>False</visible>
			<onclick>noop</onclick>
			<property name="hasSubmenu">True</property>
		</item>
		<item id="11">
			<property name="id">$NUMBER[11]</property>
			<label>$LOCALIZE[33060]</label>
			<label2>Common Shortcut</label2>
			<icon>special://skin/extras/icons/power.png</icon>
			<thumb />
			<property name="labelID">33060</property>
			<property name="defaultID">power</property>
			<visible>False</visible>
			<onclick>noop</onclick>
			<property name="hasSubmenu">False</property>
		</item>
	</include>
	<include />
	<include name="skinshortcuts-submenu">
		<item id="1">
			<property name="id">$NUMBER[1]</property>
			<property name="mainmenuid">2</property>
			<label>Suche</label>
			<label2>Video Add-On</label2>
			<icon>DefaultShortcut.png</icon>
			<thumb>image://%2fstorage%2femulated%2f0%2fAndroid%2fdata%2fde.voodoo.fork%2ffiles%2f.kodi%2faddons%2fscript.lastship.artwork%2fresources%2fmedia%2fLastship%2fsearch.png/</thumb>
			<property name="labelID">suche</property>
			<property name="defaultID" />
			<onclick>ActivateWindow(Videos,"plugin://plugin.video.lastship/?action=movieSearch",return)</onclick>
			<property name="path">ActivateWindow(Videos,"plugin://plugin.video.lastship/?action=movieSearch",return)</property>
			<property name="list">plugin://plugin.video.lastship/?action=movieSearch</property>
			<visible>[String.IsEqual(System.ProfileName,Master user)] + String.IsEqual(Container(9000).ListItem.Property(submenuVisibility),filme)</visible>
			<property name="group">filme</property>
			<property name="isSubmenu">True</property>
		</item>
		<item id="2">
			<property name="id">$NUMBER[2]</property>
			<property name="mainmenuid">2</property>
			<label>HD Filme</label>
			<label2>Video Add-On</label2>
			<icon>DefaultShortcut.png</icon>
			<thumb>image://%2fstorage%2femulated%2f0%2fAndroid%2fdata%2fde.voodoo.fork%2ffiles%2f.kodi%2faddons%2fplugin.video.xstream%2ficon.png/</thumb>
			<property name="labelID">hdfilme</property>
			<property name="defaultID" />
			<onclick>ActivateWindow(Videos,"plugin://plugin.video.xstream/?site=hdfilme&amp;function=showMenu&amp;title=Filme&amp;sUrl=https%3A%2F%2Fhdfilme.net%2Fmovie-movies%3F",return)</onclick>
			<property name="path">ActivateWindow(Videos,"plugin://plugin.video.xstream/?site=hdfilme&amp;function=showMenu&amp;title=Filme&amp;sUrl=https%3A%2F%2Fhdfilme.net%2Fmovie-movies%3F",return)</property>
			<property name="list">plugin://plugin.video.xstream/?site=hdfilme&amp;function=showMenu&amp;title=Filme&amp;sUrl=https%3A%2F%2Fhdfilme.net%2Fmovie-movies%3F</property>
			<visible>[String.IsEqual(System.ProfileName,Master user)] + String.IsEqual(Container(9000).ListItem.Property(submenuVisibility),filme)</visible>
			<property name="group">filme</property>
			<property name="isSubmenu">True</property>
		</item>
		<item id="3">
			<property name="id">$NUMBER[3]</property>
			<property name="mainmenuid">2</property>
			<label>Kino </label>
			<label2>Video Add-On</label2>
			<icon>DefaultShortcut.png</icon>
			<thumb>image://%2fstorage%2femulated%2f0%2fAndroid%2fdata%2fde.voodoo.fork%2ffiles%2f.kodi%2faddons%2fplugin.video.xstream%2ficon.png/</thumb>
			<property name="labelID">kino</property>
			<property name="defaultID" />
			<property name="translatedPath">ActivateWindow(Videos,"plugin://plugin.video.xstream/?site=cinemaxx_cc&amp;function=showEntries&amp;title=Kino+Filme&amp;sUrl=http%3A%2F%2Fcinemaxx.cc%2Fkinofilme%2F",return)</property>
			<onclick>ActivateWindow(Videos,"plugin://plugin.video.xstream/?site=cinemaxx_cc&amp;function=showEntries&amp;title=Kino+Filme&amp;sUrl=http%3A%2F%2Fcinemaxx.cc%2Fkinofilme%2F",return)</onclick>
			<property name="path">ActivateWindow(Videos,"plugin://plugin.video.xstream/?site=cinemaxx_cc&amp;function=showEntries&amp;title=Kino+Filme&amp;sUrl=http%3A%2F%2Fcinemaxx.cc%2Fkinofilme%2F",return)</property>
			<property name="list">plugin://plugin.video.xstream/?site=cinemaxx_cc&amp;function=showEntries&amp;title=Kino+Filme&amp;sUrl=http%3A%2F%2Fcinemaxx.cc%2Fkinofilme%2F</property>
			<visible>[String.IsEqual(System.ProfileName,Master user)] + String.IsEqual(Container(9000).ListItem.Property(submenuVisibility),filme)</visible>
			<property name="group">filme</property>
			<property name="isSubmenu">True</property>
		</item>
		<item id="4">
			<property name="id">$NUMBER[4]</property>
			<property name="mainmenuid">2</property>
			<label>xStream</label>
			<label2>Video Add-On</label2>
			<icon>DefaultShortcut.png</icon>
			<thumb>image://%2fstorage%2femulated%2f0%2fAndroid%2fdata%2fde.voodoo.fork%2ffiles%2f.kodi%2faddons%2fplugin.video.xstream%2ficon.png/</thumb>
			<property name="labelID">plugin.video.xstream</property>
			<property name="defaultID">plugin.video.xstream</property>
			<onclick>ActivateWindow(Videos,"plugin://plugin.video.xstream",return)</onclick>
			<property name="path">ActivateWindow(Videos,"plugin://plugin.video.xstream",return)</property>
			<property name="list">plugin://plugin.video.xstream</property>
			<visible>[String.IsEqual(System.ProfileName,Master user)] + String.IsEqual(Container(9000).ListItem.Property(submenuVisibility),filme)</visible>
			<property name="group">filme</property>
			<property name="isSubmenu">True</property>
		</item>
		<item id="5">
			<property name="id">$NUMBER[5]</property>
			<property name="mainmenuid">2</property>
			<label>Trailer</label>
			<label2>Video Add-On</label2>
			<icon>DefaultShortcut.png</icon>
			<thumb>image://%2fstorage%2femulated%2f0%2fAndroid%2fdata%2fde.voodoo.fork%2ffiles%2f.kodi%2faddons%2fplugin.video.filmstarts%2ficon.png/</thumb>
			<property name="labelID">plugin.video.filmstarts</property>
			<property name="defaultID">plugin.video.filmstarts</property>
			<property name="translatedPath">ActivateWindow(Videos,"plugin://plugin.video.filmstarts",return)</property>
			<onclick>ActivateWindow(Videos,"plugin://plugin.video.filmstarts",return)</onclick>
			<property name="path">ActivateWindow(Videos,"plugin://plugin.video.filmstarts",return)</property>
			<property name="list">plugin://plugin.video.filmstarts</property>
			<visible>[String.IsEqual(System.ProfileName,Master user)] + String.IsEqual(Container(9000).ListItem.Property(submenuVisibility),filme)</visible>
			<property name="group">filme</property>
			<property name="isSubmenu">True</property>
		</item>
		<item id="1">
			<property name="id">$NUMBER[1]</property>
			<property name="mainmenuid">3</property>
			<label>Suche</label>
			<label2>Video Add-On</label2>
			<icon>DefaultShortcut.png</icon>
			<thumb>image://%2fstorage%2femulated%2f0%2fAndroid%2fdata%2fde.voodoo.fork%2ffiles%2f.kodi%2faddons%2fscript.lastship.artwork%2fresources%2fmedia%2fLastship%2fsearch.png/</thumb>
			<property name="labelID">suche</property>
			<property name="defaultID" />
			<onclick>ActivateWindow(Videos,"plugin://plugin.video.lastship/?action=tvSearch",return)</onclick>
			<property name="path">ActivateWindow(Videos,"plugin://plugin.video.lastship/?action=tvSearch",return)</property>
			<property name="list">plugin://plugin.video.lastship/?action=tvSearch</property>
			<visible>[String.IsEqual(System.ProfileName,Master user)] + String.IsEqual(Container(9000).ListItem.Property(submenuVisibility),serien)</visible>
			<property name="group">serien</property>
			<property name="isSubmenu">True</property>
		</item>
		<item id="2">
			<property name="id">$NUMBER[2]</property>
			<property name="mainmenuid">3</property>
			<label>Amazon</label>
			<label2>Video Add-On</label2>
			<icon>DefaultShortcut.png</icon>
			<thumb>image://https%3a%2f%2fi.imgur.com%2fru9DDlL.png/</thumb>
			<property name="labelID">amazon</property>
			<property name="defaultID" />
			<onclick>ActivateWindow(Videos,"plugin://plugin.video.lastship/?action=tvshows&amp;url=http%3A%2F%2Fwww.tvmaze.com%2Fwebchannels%2F3%2Famazon",return)</onclick>
			<property name="path">ActivateWindow(Videos,"plugin://plugin.video.lastship/?action=tvshows&amp;url=http%3A%2F%2Fwww.tvmaze.com%2Fwebchannels%2F3%2Famazon",return)</property>
			<property name="list">plugin://plugin.video.lastship/?action=tvshows&amp;url=http%3A%2F%2Fwww.tvmaze.com%2Fwebchannels%2F3%2Famazon</property>
			<visible>[String.IsEqual(System.ProfileName,Master user)] + String.IsEqual(Container(9000).ListItem.Property(submenuVisibility),serien)</visible>
			<property name="group">serien</property>
			<property name="isSubmenu">True</property>
		</item>
		<item id="3">
			<property name="id">$NUMBER[3]</property>
			<property name="mainmenuid">3</property>
			<label>Netflix</label>
			<label2>Video Add-On</label2>
			<icon>DefaultShortcut.png</icon>
			<thumb>image://https%3a%2f%2fi.imgur.com%2fjI5c3bw.png/</thumb>
			<property name="labelID">netflix</property>
			<property name="defaultID" />
			<onclick>ActivateWindow(Videos,"plugin://plugin.video.lastship/?action=tvshows&amp;url=http%3A%2F%2Fwww.tvmaze.com%2Fwebchannels%2F1%2Fnetflix",return)</onclick>
			<property name="path">ActivateWindow(Videos,"plugin://plugin.video.lastship/?action=tvshows&amp;url=http%3A%2F%2Fwww.tvmaze.com%2Fwebchannels%2F1%2Fnetflix",return)</property>
			<property name="list">plugin://plugin.video.lastship/?action=tvshows&amp;url=http%3A%2F%2Fwww.tvmaze.com%2Fwebchannels%2F1%2Fnetflix</property>
			<visible>[String.IsEqual(System.ProfileName,Master user)] + String.IsEqual(Container(9000).ListItem.Property(submenuVisibility),serien)</visible>
			<property name="group">serien</property>
			<property name="isSubmenu">True</property>
		</item>
		<item id="1">
			<property name="id">$NUMBER[1]</property>
			<property name="mainmenuid">4</property>
			<label>Juniorportal</label>
			<label2>Video Add-On</label2>
			<icon>DefaultShortcut.png</icon>
			<thumb>image://%2fdata%2fuser%2f0%2fde.voodoo.fork%2fcache%2fapk%2fassets%2faddons%2fplugin.video.juniorportal%2ficon.png/</thumb>
			<property name="labelID">plugin.video.juniorportal</property>
			<property name="defaultID">plugin.video.juniorportal</property>
			<property name="translatedPath">ActivateWindow(Videos,"plugin://plugin.video.juniorportal",return)</property>
			<onclick>ActivateWindow(Videos,"plugin://plugin.video.juniorportal",return)</onclick>
			<property name="path">ActivateWindow(Videos,"plugin://plugin.video.juniorportal",return)</property>
			<property name="list">plugin://plugin.video.juniorportal</property>
			<visible>[String.IsEqual(System.ProfileName,Master user)] + String.IsEqual(Container(9000).ListItem.Property(submenuVisibility),kinder)</visible>
			<property name="group">kinder</property>
			<property name="isSubmenu">True</property>
		</item>
		<item id="2">
			<property name="id">$NUMBER[2]</property>
			<property name="mainmenuid">4</property>
			<label>Animation</label>
			<label2>Video Add-On</label2>
			<icon>DefaultShortcut.png</icon>
			<thumb>image://%2fstorage%2femulated%2f0%2fAndroid%2fdata%2fde.voodoo.fork%2ffiles%2f.kodi%2faddons%2fscript.lastship.artwork%2fresources%2fmedia%2fLastship%2fgenres.png/</thumb>
			<property name="labelID">animation</property>
			<property name="defaultID" />
			<property name="translatedPath">ActivateWindow(Videos,"plugin://plugin.video.lastship/?action=movies&amp;url=http%3A%2F%2Fwww.imdb.com%2Fsearch%2Ftitle%3Ftitle_type%3Dfeature%2Ctv_movie%2Cdocumentary%26num_votes%3D100%2C%26release_date%3D%2Cdate%5B0%5D%26genres%3Danimation%26adult%3Dinclude",return)</property>
			<onclick>ActivateWindow(Videos,"plugin://plugin.video.lastship/?action=movies&amp;url=http%3A%2F%2Fwww.imdb.com%2Fsearch%2Ftitle%3Ftitle_type%3Dfeature%2Ctv_movie%2Cdocumentary%26num_votes%3D100%2C%26release_date%3D%2Cdate%5B0%5D%26genres%3Danimation%26adult%3Dinclude",return)</onclick>
			<property name="path">ActivateWindow(Videos,"plugin://plugin.video.lastship/?action=movies&amp;url=http%3A%2F%2Fwww.imdb.com%2Fsearch%2Ftitle%3Ftitle_type%3Dfeature%2Ctv_movie%2Cdocumentary%26num_votes%3D100%2C%26release_date%3D%2Cdate%5B0%5D%26genres%3Danimation%26adult%3Dinclude",return)</property>
			<property name="list">plugin://plugin.video.lastship/?action=movies&amp;url=http%3A%2F%2Fwww.imdb.com%2Fsearch%2Ftitle%3Ftitle_type%3Dfeature%2Ctv_movie%2Cdocumentary%26num_votes%3D100%2C%26release_date%3D%2Cdate%5B0%5D%26genres%3Danimation%26adult%3Dinclude</property>
			<visible>[String.IsEqual(System.ProfileName,Master user)] + String.IsEqual(Container(9000).ListItem.Property(submenuVisibility),kinder)</visible>
			<property name="group">kinder</property>
			<property name="isSubmenu">True</property>
		</item>
		<item id="1">
			<property name="id">$NUMBER[1]</property>
			<property name="mainmenuid">6</property>
			<label>$LOCALIZE[19019]</label>
			<label2>$ADDON[script.skinshortcuts 32017]</label2>
			<icon>DefaultTVShows.png</icon>
			<thumb />
			<property name="labelID">19019</property>
			<property name="defaultID">19019</property>
			<onclick>ActivateWindow(TVChannels)</onclick>
			<property name="path">ActivateWindow(TVChannels)</property>
			<property name="list">TVChannels</property>
			<visible>[String.IsEqual(System.ProfileName,Master user)] + String.IsEqual(Container(9000).ListItem.Property(submenuVisibility),tv)</visible>
			<property name="group">tv</property>
			<property name="isSubmenu">True</property>
		</item>
		<item id="2">
			<property name="id">$NUMBER[2]</property>
			<property name="mainmenuid">6</property>
			<label>$LOCALIZE[22020]</label>
			<label2>$ADDON[script.skinshortcuts 32017]</label2>
			<icon>DefaultTVShows.png</icon>
			<thumb />
			<property name="labelID">22020</property>
			<property name="defaultID">22020</property>
			<onclick>ActivateWindow(TVGuide)</onclick>
			<property name="path">ActivateWindow(TVGuide)</property>
			<property name="list">TVGuide</property>
			<visible>[String.IsEqual(System.ProfileName,Master user)] + String.IsEqual(Container(9000).ListItem.Property(submenuVisibility),tv)</visible>
			<property name="group">tv</property>
			<property name="isSubmenu">True</property>
		</item>
		<item id="3">
			<property name="id">$NUMBER[3]</property>
			<property name="mainmenuid">6</property>
			<label>$LOCALIZE[19163]</label>
			<label2>$ADDON[script.skinshortcuts 32017]</label2>
			<icon>DefaultTVShows.png</icon>
			<thumb />
			<property name="labelID">19163</property>
			<property name="defaultID">19163</property>
			<onclick>ActivateWindow(TVRecordings)</onclick>
			<property name="path">ActivateWindow(TVRecordings)</property>
			<property name="list">TVRecordings</property>
			<visible>[String.IsEqual(System.ProfileName,Master user)] + String.IsEqual(Container(9000).ListItem.Property(submenuVisibility),tv)</visible>
			<property name="group">tv</property>
			<property name="isSubmenu">True</property>
		</item>
		<item id="4">
			<property name="id">$NUMBER[4]</property>
			<property name="mainmenuid">6</property>
			<label>$LOCALIZE[19138]</label>
			<label2>$ADDON[script.skinshortcuts 32017]</label2>
			<icon>DefaultTVShows.png</icon>
			<thumb />
			<property name="labelID">19138</property>
			<property name="defaultID">19138</property>
			<onclick>ActivateWindow(TVTimerRules)</onclick>
			<property name="path">ActivateWindow(TVTimerRules)</property>
			<property name="list">TVTimerRules</property>
			<visible>[String.IsEqual(System.ProfileName,Master user)] + String.IsEqual(Container(9000).ListItem.Property(submenuVisibility),tv)</visible>
			<property name="group">tv</property>
			<property name="isSubmenu">True</property>
		</item>
		<item id="5">
			<property name="id">$NUMBER[5]</property>
			<property name="mainmenuid">6</property>
			<label>$LOCALIZE[19040]</label>
			<label2>$ADDON[script.skinshortcuts 32017]</label2>
			<icon>DefaultTVShows.png</icon>
			<thumb />
			<property name="labelID">19040</property>
			<property name="defaultID">19040</property>
			<onclick>ActivateWindow(TVTimers)</onclick>
			<property name="path">ActivateWindow(TVTimers)</property>
			<property name="list">TVTimers</property>
			<visible>[String.IsEqual(System.ProfileName,Master user)] + String.IsEqual(Container(9000).ListItem.Property(submenuVisibility),tv)</visible>
			<property name="group">tv</property>
			<property name="isSubmenu">True</property>
		</item>
		<item id="6">
			<property name="id">$NUMBER[6]</property>
			<property name="mainmenuid">6</property>
			<label>$LOCALIZE[137]</label>
			<label2>$ADDON[script.skinshortcuts 32017]</label2>
			<icon>DefaultTVShows.png</icon>
			<thumb />
			<property name="labelID">137</property>
			<property name="defaultID">137</property>
			<onclick>ActivateWindow(TVSearch)</onclick>
			<property name="path">ActivateWindow(TVSearch)</property>
			<property name="list">TVSearch</property>
			<visible>[String.IsEqual(System.ProfileName,Master user)] + String.IsEqual(Container(9000).ListItem.Property(submenuVisibility),tv)</visible>
			<property name="group">tv</property>
			<property name="isSubmenu">True</property>
		</item>
		<item id="1">
			<property name="id">$NUMBER[1]</property>
			<property name="mainmenuid">7</property>
			<label>[COLOR FFffffffff]WWE[/COLOR]</label>
			<label2>Video Add-On</label2>
			<icon>DefaultShortcut.png</icon>
			<thumb>image://%2fstorage%2femulated%2f0%2fAndroid%2fdata%2fde.voodoo.fork%2ffiles%2f.kodi%2faddons%2fplugin.video.loki%2ficon.png/</thumb>
			<property name="labelID">colorffffffffff-wwe-color</property>
			<property name="defaultID" />
			<property name="translatedPath">ActivateWindow(Videos,"plugin://plugin.video.loki/?mode=get_list&amp;url=http%3A%2F%2Fbuilds.kodiuk.tv%2Fdevelopment%2Floki%2FWWE%2Fwwe%2520main%2520xml%2Fmainwwe.xml&amp;name=%5BCOLOR+FFffffffff%5DWWE%5B%2FCOLOR%5D&amp;iconimage=%2Fstorage%2Femulated%2F0%2FAndroid%2Fdata%2Fde.voodoo.fork%2Ffiles%2F.kodi%2Faddons%2Fplugin.video.loki%2Ficon.png&amp;fanart=%2Fstorage%2Femulated%2F0%2FAndroid%2Fdata%2Fde.voodoo.fork%2Ffiles%2F.kodi%2Faddons%2Fplugin.video.loki%2Ffanart.jpg&amp;description=No+information+available",return)</property>
			<onclick>ActivateWindow(Videos,"plugin://plugin.video.loki/?mode=get_list&amp;url=http%3A%2F%2Fbuilds.kodiuk.tv%2Fdevelopment%2Floki%2FWWE%2Fwwe%2520main%2520xml%2Fmainwwe.xml&amp;name=%5BCOLOR+FFffffffff%5DWWE%5B%2FCOLOR%5D&amp;iconimage=%2Fstorage%2Femulated%2F0%2FAndroid%2Fdata%2Fde.voodoo.fork%2Ffiles%2F.kodi%2Faddons%2Fplugin.video.loki%2Ficon.png&amp;fanart=%2Fstorage%2Femulated%2F0%2FAndroid%2Fdata%2Fde.voodoo.fork%2Ffiles%2F.kodi%2Faddons%2Fplugin.video.loki%2Ffanart.jpg&amp;description=No+information+available",return)</onclick>
			<property name="path">ActivateWindow(Videos,"plugin://plugin.video.loki/?mode=get_list&amp;url=http%3A%2F%2Fbuilds.kodiuk.tv%2Fdevelopment%2Floki%2FWWE%2Fwwe%2520main%2520xml%2Fmainwwe.xml&amp;name=%5BCOLOR+FFffffffff%5DWWE%5B%2FCOLOR%5D&amp;iconimage=%2Fstorage%2Femulated%2F0%2FAndroid%2Fdata%2Fde.voodoo.fork%2Ffiles%2F.kodi%2Faddons%2Fplugin.video.loki%2Ficon.png&amp;fanart=%2Fstorage%2Femulated%2F0%2FAndroid%2Fdata%2Fde.voodoo.fork%2Ffiles%2F.kodi%2Faddons%2Fplugin.video.loki%2Ffanart.jpg&amp;description=No+information+available",return)</property>
			<property name="list">plugin://plugin.video.loki/?mode=get_list&amp;url=http%3A%2F%2Fbuilds.kodiuk.tv%2Fdevelopment%2Floki%2FWWE%2Fwwe%2520main%2520xml%2Fmainwwe.xml&amp;name=%5BCOLOR+FFffffffff%5DWWE%5B%2FCOLOR%5D&amp;iconimage=%2Fstorage%2Femulated%2F0%2FAndroid%2Fdata%2Fde.voodoo.fork%2Ffiles%2F.kodi%2Faddons%2Fplugin.video.loki%2Ficon.png&amp;fanart=%2Fstorage%2Femulated%2F0%2FAndroid%2Fdata%2Fde.voodoo.fork%2Ffiles%2F.kodi%2Faddons%2Fplugin.video.loki%2Ffanart.jpg&amp;description=No+information+available</property>
			<visible>[String.IsEqual(System.ProfileName,Master user)] + String.IsEqual(Container(9000).ListItem.Property(submenuVisibility),sport)</visible>
			<property name="group">sport</property>
			<property name="isSubmenu">True</property>
		</item>
		<item id="2">
			<property name="id">$NUMBER[2]</property>
			<property name="mainmenuid">7</property>
			<label>[COLOR FFffffffff]UFC[/COLOR]</label>
			<label2>Video Add-On</label2>
			<icon>DefaultShortcut.png</icon>
			<thumb>image://%2fstorage%2femulated%2f0%2fAndroid%2fdata%2fde.voodoo.fork%2ffiles%2f.kodi%2faddons%2fplugin.video.loki%2ficon.png/</thumb>
			<property name="labelID">colorffffffffff-ufc-color</property>
			<property name="defaultID" />
			<property name="translatedPath">ActivateWindow(Videos,"plugin://plugin.video.loki/?mode=get_list&amp;url=http%3A%2F%2Fbuilds.kodiuk.tv%2Fdevelopment%2Floki%2Fufc%2Fufc.xml&amp;name=%5BCOLOR+FFffffffff%5DUFC%5B%2FCOLOR%5D&amp;iconimage=%2Fstorage%2Femulated%2F0%2FAndroid%2Fdata%2Fde.voodoo.fork%2Ffiles%2F.kodi%2Faddons%2Fplugin.video.loki%2Ficon.png&amp;fanart=%2Fstorage%2Femulated%2F0%2FAndroid%2Fdata%2Fde.voodoo.fork%2Ffiles%2F.kodi%2Faddons%2Fplugin.video.loki%2Ffanart.jpg&amp;description=No+information+available",return)</property>
			<onclick>ActivateWindow(Videos,"plugin://plugin.video.loki/?mode=get_list&amp;url=http%3A%2F%2Fbuilds.kodiuk.tv%2Fdevelopment%2Floki%2Fufc%2Fufc.xml&amp;name=%5BCOLOR+FFffffffff%5DUFC%5B%2FCOLOR%5D&amp;iconimage=%2Fstorage%2Femulated%2F0%2FAndroid%2Fdata%2Fde.voodoo.fork%2Ffiles%2F.kodi%2Faddons%2Fplugin.video.loki%2Ficon.png&amp;fanart=%2Fstorage%2Femulated%2F0%2FAndroid%2Fdata%2Fde.voodoo.fork%2Ffiles%2F.kodi%2Faddons%2Fplugin.video.loki%2Ffanart.jpg&amp;description=No+information+available",return)</onclick>
			<property name="path">ActivateWindow(Videos,"plugin://plugin.video.loki/?mode=get_list&amp;url=http%3A%2F%2Fbuilds.kodiuk.tv%2Fdevelopment%2Floki%2Fufc%2Fufc.xml&amp;name=%5BCOLOR+FFffffffff%5DUFC%5B%2FCOLOR%5D&amp;iconimage=%2Fstorage%2Femulated%2F0%2FAndroid%2Fdata%2Fde.voodoo.fork%2Ffiles%2F.kodi%2Faddons%2Fplugin.video.loki%2Ficon.png&amp;fanart=%2Fstorage%2Femulated%2F0%2FAndroid%2Fdata%2Fde.voodoo.fork%2Ffiles%2F.kodi%2Faddons%2Fplugin.video.loki%2Ffanart.jpg&amp;description=No+information+available",return)</property>
			<property name="list">plugin://plugin.video.loki/?mode=get_list&amp;url=http%3A%2F%2Fbuilds.kodiuk.tv%2Fdevelopment%2Floki%2Fufc%2Fufc.xml&amp;name=%5BCOLOR+FFffffffff%5DUFC%5B%2FCOLOR%5D&amp;iconimage=%2Fstorage%2Femulated%2F0%2FAndroid%2Fdata%2Fde.voodoo.fork%2Ffiles%2F.kodi%2Faddons%2Fplugin.video.loki%2Ficon.png&amp;fanart=%2Fstorage%2Femulated%2F0%2FAndroid%2Fdata%2Fde.voodoo.fork%2Ffiles%2F.kodi%2Faddons%2Fplugin.video.loki%2Ffanart.jpg&amp;description=No+information+available</property>
			<visible>[String.IsEqual(System.ProfileName,Master user)] + String.IsEqual(Container(9000).ListItem.Property(submenuVisibility),sport)</visible>
			<property name="group">sport</property>
			<property name="isSubmenu">True</property>
		</item>
		<item id="3">
			<property name="id">$NUMBER[3]</property>
			<property name="mainmenuid">7</property>
			<label>3. Liga</label>
			<label2>Video Add-On</label2>
			<icon>DefaultShortcut.png</icon>
			<thumb>image://%2fstorage%2femulated%2f0%2fAndroid%2fdata%2fde.voodoo.fork%2ffiles%2f.kodi%2faddons%2fplugin.video.bundesliga3%2ficon.png/</thumb>
			<property name="labelID">plugin.video.bundesliga3</property>
			<property name="defaultID">plugin.video.bundesliga3</property>
			<property name="translatedPath">ActivateWindow(Videos,"plugin://plugin.video.bundesliga3",return)</property>
			<onclick>ActivateWindow(Videos,"plugin://plugin.video.bundesliga3",return)</onclick>
			<property name="path">ActivateWindow(Videos,"plugin://plugin.video.bundesliga3",return)</property>
			<property name="list">plugin://plugin.video.bundesliga3</property>
			<visible>[String.IsEqual(System.ProfileName,Master user)] + String.IsEqual(Container(9000).ListItem.Property(submenuVisibility),sport)</visible>
			<property name="group">sport</property>
			<property name="isSubmenu">True</property>
		</item>
		<item id="1">
			<property name="id">$NUMBER[1]</property>
			<property name="mainmenuid">8</property>
			<label>7TV</label>
			<label2>Video Add-On</label2>
			<icon>DefaultShortcut.png</icon>
			<thumb>image://%2fstorage%2femulated%2f0%2fAndroid%2fdata%2fde.voodoo.fork%2ffiles%2f.kodi%2faddons%2fplugin.video.7tvneu%2ficon.png/</thumb>
			<property name="labelID">plugin.video.7tvneu</property>
			<property name="defaultID">plugin.video.7tvneu</property>
			<property name="translatedPath">ActivateWindow(Videos,"plugin://plugin.video.7tvneu",return)</property>
			<onclick>ActivateWindow(Videos,"plugin://plugin.video.7tvneu",return)</onclick>
			<property name="path">ActivateWindow(Videos,"plugin://plugin.video.7tvneu",return)</property>
			<property name="list">plugin://plugin.video.7tvneu</property>
			<visible>[String.IsEqual(System.ProfileName,Master user)] + String.IsEqual(Container(9000).ListItem.Property(submenuVisibility),plugin-video-mediathek)</visible>
			<property name="group">plugin.video.mediathek</property>
			<property name="isSubmenu">True</property>
		</item>
		<item id="2">
			<property name="id">$NUMBER[2]</property>
			<property name="mainmenuid">8</property>
			<label>DMAX </label>
			<label2>Video Add-On</label2>
			<icon>DefaultShortcut.png</icon>
			<thumb>image://%2fstorage%2femulated%2f0%2fAndroid%2fdata%2fde.voodoo.fork%2ffiles%2f.kodi%2faddons%2fplugin.video.L0RE.dmax%2ficon.png/</thumb>
			<property name="labelID">plugin.video.L0RE.dmax</property>
			<property name="defaultID">plugin.video.L0RE.dmax</property>
			<property name="translatedPath">ActivateWindow(Videos,"plugin://plugin.video.L0RE.dmax",return)</property>
			<onclick>ActivateWindow(Videos,"plugin://plugin.video.L0RE.dmax",return)</onclick>
			<property name="path">ActivateWindow(Videos,"plugin://plugin.video.L0RE.dmax",return)</property>
			<property name="list">plugin://plugin.video.L0RE.dmax</property>
			<visible>[String.IsEqual(System.ProfileName,Master user)] + String.IsEqual(Container(9000).ListItem.Property(submenuVisibility),plugin-video-mediathek)</visible>
			<property name="group">plugin.video.mediathek</property>
			<property name="isSubmenu">True</property>
		</item>
		<item id="3">
			<property name="id">$NUMBER[3]</property>
			<property name="mainmenuid">8</property>
			<label>TV Now</label>
			<label2>Video Add-On</label2>
			<icon>DefaultShortcut.png</icon>
			<thumb>image://%2fstorage%2femulated%2f0%2fAndroid%2fdata%2fde.voodoo.fork%2ffiles%2f.kodi%2faddons%2fplugin.video.rtlnow%2ficon.png/</thumb>
			<property name="labelID">plugin.video.rtlnow</property>
			<property name="defaultID">plugin.video.rtlnow</property>
			<property name="translatedPath">ActivateWindow(Videos,"plugin://plugin.video.rtlnow",return)</property>
			<onclick>ActivateWindow(Videos,"plugin://plugin.video.rtlnow",return)</onclick>
			<property name="path">ActivateWindow(Videos,"plugin://plugin.video.rtlnow",return)</property>
			<property name="list">plugin://plugin.video.rtlnow</property>
			<visible>[String.IsEqual(System.ProfileName,Master user)] + String.IsEqual(Container(9000).ListItem.Property(submenuVisibility),plugin-video-mediathek)</visible>
			<property name="group">plugin.video.mediathek</property>
			<property name="isSubmenu">True</property>
		</item>
		<item id="1">
			<property name="id">$NUMBER[1]</property>
			<property name="mainmenuid">9</property>
			<label>Song Suche</label>
			<label2>Musik Add-On</label2>
			<icon>DefaultShortcut.png</icon>
			<thumb>image://%2fstorage%2femulated%2f0%2fAndroid%2fdata%2fde.voodoo.fork%2ffiles%2f.kodi%2faddons%2fplugin.audio.mp3streams%2fart%2fsearchsongs.jpg/</thumb>
			<property name="labelID">songsuche</property>
			<property name="defaultID" />
			<property name="translatedPath">ActivateWindow(Music,"plugin://plugin.audio.mp3streams/?url=url&amp;mode=24&amp;name=Search+Songs&amp;iconimage=%2Fstorage%2Femulated%2F0%2FAndroid%2Fdata%2Fde.voodoo.fork%2Ffiles%2F.kodi%2Faddons%2Fplugin.audio.mp3streams%2Fart%2Fsearchsongs.jpg&amp;list=search songs&lt;&gt;url&lt;&gt;/storage/emulated/0/Android/data/de.voodoo.fork/files/.kodi/addons/plugin.audio.mp3streams/art/searchsongs.jpg&amp;type=",return)</property>
			<onclick>ActivateWindow(Music,"plugin://plugin.audio.mp3streams/?url=url&amp;mode=24&amp;name=Search+Songs&amp;iconimage=%2Fstorage%2Femulated%2F0%2FAndroid%2Fdata%2Fde.voodoo.fork%2Ffiles%2F.kodi%2Faddons%2Fplugin.audio.mp3streams%2Fart%2Fsearchsongs.jpg&amp;list=search songs&lt;&gt;url&lt;&gt;/storage/emulated/0/Android/data/de.voodoo.fork/files/.kodi/addons/plugin.audio.mp3streams/art/searchsongs.jpg&amp;type=",return)</onclick>
			<property name="path">ActivateWindow(Music,"plugin://plugin.audio.mp3streams/?url=url&amp;mode=24&amp;name=Search+Songs&amp;iconimage=%2Fstorage%2Femulated%2F0%2FAndroid%2Fdata%2Fde.voodoo.fork%2Ffiles%2F.kodi%2Faddons%2Fplugin.audio.mp3streams%2Fart%2Fsearchsongs.jpg&amp;list=search songs&lt;&gt;url&lt;&gt;/storage/emulated/0/Android/data/de.voodoo.fork/files/.kodi/addons/plugin.audio.mp3streams/art/searchsongs.jpg&amp;type=",return)</property>
			<property name="list">plugin://plugin.audio.mp3streams/?url=url&amp;mode=24&amp;name=Search+Songs&amp;iconimage=%2Fstorage%2Femulated%2F0%2FAndroid%2Fdata%2Fde.voodoo.fork%2Ffiles%2F.kodi%2Faddons%2Fplugin.audio.mp3streams%2Fart%2Fsearchsongs.jpg&amp;list=search songs&lt;&gt;url&lt;&gt;/storage/emulated/0/Android/data/de.voodoo.fork/files/.kodi/addons/plugin.audio.mp3streams/art/searchsongs.jpg&amp;type=</property>
			<visible>[String.IsEqual(System.ProfileName,Master user)] + String.IsEqual(Container(9000).ListItem.Property(submenuVisibility),plugin-audio-mp3streams)</visible>
			<property name="group">plugin.audio.mp3streams</property>
			<property name="isSubmenu">True</property>
		</item>
		<item id="2">
			<property name="id">$NUMBER[2]</property>
			<property name="mainmenuid">9</property>
			<label>Charts</label>
			<label2>Musik Add-On</label2>
			<icon>DefaultShortcut.png</icon>
			<thumb>image://%2fstorage%2femulated%2f0%2fAndroid%2fdata%2fde.voodoo.fork%2ffiles%2f.kodi%2faddons%2fplugin.audio.CannaPower%2ficon.png/</thumb>
			<property name="labelID">plugin.audio.CannaPower</property>
			<property name="defaultID">plugin.audio.CannaPower</property>
			<property name="translatedPath">ActivateWindow(Music,"plugin://plugin.audio.CannaPower",return)</property>
			<onclick>ActivateWindow(Music,"plugin://plugin.audio.CannaPower",return)</onclick>
			<property name="path">ActivateWindow(Music,"plugin://plugin.audio.CannaPower",return)</property>
			<property name="list">plugin://plugin.audio.CannaPower</property>
			<visible>[String.IsEqual(System.ProfileName,Master user)] + String.IsEqual(Container(9000).ListItem.Property(submenuVisibility),plugin-audio-mp3streams)</visible>
			<property name="group">plugin.audio.mp3streams</property>
			<property name="isSubmenu">True</property>
		</item>
		<item id="3">
			<property name="id">$NUMBER[3]</property>
			<property name="mainmenuid">9</property>
			<label>Radio</label>
			<label2>Musik Add-On</label2>
			<icon>DefaultShortcut.png</icon>
			<thumb>image://%2fstorage%2femulated%2f0%2fAndroid%2fdata%2fde.voodoo.fork%2ffiles%2f.kodi%2faddons%2fplugin.audio.worldradio%2ficon.png/</thumb>
			<property name="labelID">plugin.audio.worldradio</property>
			<property name="defaultID">plugin.audio.worldradio</property>
			<property name="translatedPath">ActivateWindow(Music,"plugin://plugin.audio.worldradio",return)</property>
			<onclick>ActivateWindow(Music,"plugin://plugin.audio.worldradio",return)</onclick>
			<property name="path">ActivateWindow(Music,"plugin://plugin.audio.worldradio",return)</property>
			<property name="list">plugin://plugin.audio.worldradio</property>
			<visible>[String.IsEqual(System.ProfileName,Master user)] + String.IsEqual(Container(9000).ListItem.Property(submenuVisibility),plugin-audio-mp3streams)</visible>
			<property name="group">plugin.audio.mp3streams</property>
			<property name="isSubmenu">True</property>
		</item>
		<item id="1">
			<property name="id">$NUMBER[1]</property>
			<property name="mainmenuid">10</property>
			<label>$LOCALIZE[7]</label>
			<label2>$ADDON[script.skinshortcuts 32034]</label2>
			<icon>DefaultFolder.png</icon>
			<thumb />
			<property name="labelID">7</property>
			<property name="defaultID">7</property>
			<onclick>ActivateWindow(FileManager)</onclick>
			<property name="path">ActivateWindow(FileManager)</property>
			<property name="list">FileManager</property>
			<visible>[String.IsEqual(System.ProfileName,Master user)] + String.IsEqual(Container(9000).ListItem.Property(submenuVisibility),settings)</visible>
			<property name="group">settings</property>
			<property name="isSubmenu">True</property>
		</item>
		<item id="2">
			<property name="id">$NUMBER[2]</property>
			<property name="mainmenuid">10</property>
			<label>$LOCALIZE[13200]</label>
			<label2>$ADDON[script.skinshortcuts 32034]</label2>
			<icon>DefaultShortcut.png</icon>
			<thumb />
			<property name="labelID">13200</property>
			<property name="defaultID">13200</property>
			<onclick>ActivateWindow(Profiles)</onclick>
			<property name="path">ActivateWindow(Profiles)</property>
			<property name="list">Profiles</property>
			<visible>[String.IsEqual(System.ProfileName,Master user)] + String.IsEqual(Container(9000).ListItem.Property(submenuVisibility),settings)</visible>
			<property name="group">settings</property>
			<property name="isSubmenu">True</property>
		</item>
		<item id="3">
			<property name="id">$NUMBER[3]</property>
			<property name="mainmenuid">10</property>
			<label>$LOCALIZE[10007]</label>
			<label2>$ADDON[script.skinshortcuts 32034]</label2>
			<icon>DefaultShortcut.png</icon>
			<thumb />
			<property name="labelID">10007</property>
			<property name="defaultID">10007</property>
			<onclick>ActivateWindow(SystemInfo)</onclick>
			<property name="path">ActivateWindow(SystemInfo)</property>
			<property name="list">SystemInfo</property>
			<visible>[String.IsEqual(System.ProfileName,Master user)] + String.IsEqual(Container(9000).ListItem.Property(submenuVisibility),settings)</visible>
			<property name="group">settings</property>
			<property name="isSubmenu">True</property>
		</item>
		<item id="4">
			<property name="id">$NUMBER[4]</property>
			<property name="mainmenuid">10</property>
			<label>$LOCALIZE[14111]</label>
			<label2>$ADDON[script.skinshortcuts 32034]</label2>
			<icon>DefaultShortcut.png</icon>
			<thumb />
			<property name="labelID">14111</property>
			<property name="defaultID">14111</property>
			<visible>[system.getbool(eventlog.enabled)] + String.IsEqual(Container(9000).ListItem.Property(submenuVisibility),settings)</visible>
			<onclick>ActivateWindow(EventLog,events://,return)</onclick>
			<property name="path">ActivateWindow(EventLog,events://,return)</property>
			<property name="list">events://</property>
			<visible>String.IsEqual(System.ProfileName,Master user)</visible>
			<property name="group">settings</property>
			<property name="isSubmenu">True</property>
		</item>
	</include>
	<include name="skinshortcuts-template-submenu">
		<include condition="String.IsEqual(System.ProfileName,Master user)">skinshortcuts-template-submenu-Master user</include>
	</include>
	<include name="skinshortcuts-template-submenu-Master user">
		<control id="9901" type="fixedlist">
			<visible>String.IsEqual(Container(9000).ListItem.Property(submenuVisibility),filme)</visible>
			<left>285</left>
			<top>107</top>
			<width>1350</width>
			<height>60</height>
			<onup>9000</onup>
			<ondown>9002</ondown>
			<itemgap>0</itemgap>
			<focusposition>2</focusposition>
			<movement>2</movement>
			<orientation>Horizontal</orientation>
			<animation easing="out" effect="slide" end="0,-97" start="0,0" time="200" tween="quadratic">Hidden</animation>
			<animation condition="String.IsEqual(Container(9901).NumItems,2) | String.IsEqual(Container(9901).NumItems,4)" effect="slide" end="-135,0" start="0,0" time="0">conditional</animation>
			<animation delay="250" effect="slide" end="0,0" start="0,-97" time="200" tween="quadratic">Visible</animation>
			<itemlayout height="60" width="270">
				<control type="image">
					<height>60</height>
					<width>270</width>
					<texture colordiffuse="tertiary">backgrounds/white.png</texture>
				</control>
				<control type="label">
					<height>60</height>
					<width>270</width>
					<align>center</align>
					<aligny>center</aligny>
					<font>button</font>
					<textcolor>text.primary</textcolor>
					<info>ListItem.Label</info>
				</control>
			</itemlayout>
			<focusedlayout height="60" width="270">
				<control type="image">
					<height>60</height>
					<width>270</width>
					<texture colordiffuse="$VAR[Colour.500]">backgrounds/white.png</texture>
					<visible>Control.HasFocus(9901)</visible>
				</control>
				<control type="label">
					<height>60</height>
					<width>270</width>
					<align>center</align>
					<aligny>center</aligny>
					<font>button</font>
					<textcolor>white</textcolor>
					<info>ListItem.Label</info>
					<visible>Control.HasFocus(9901)</visible>
				</control>
				<control type="image">
					<height>60</height>
					<width>270</width>
					<texture colordiffuse="tertiary">backgrounds/white.png</texture>
					<visible>!Control.HasFocus(9901)</visible>
				</control>
				<control type="label">
					<height>60</height>
					<width>270</width>
					<align>center</align>
					<aligny>center</aligny>
					<font>button</font>
					<textcolor>text.primary</textcolor>
					<info>ListItem.Label</info>
					<visible>!Control.HasFocus(9901)</visible>
				</control>
			</focusedlayout>
			<content>
				<item id="1">
					<property name="id">$NUMBER[1]</property>
					<property name="mainmenuid">2</property>
					<label>Suche</label>
					<label2>Video Add-On</label2>
					<icon>DefaultShortcut.png</icon>
					<thumb>image://%2fstorage%2femulated%2f0%2fAndroid%2fdata%2fde.voodoo.fork%2ffiles%2f.kodi%2faddons%2fscript.lastship.artwork%2fresources%2fmedia%2fLastship%2fsearch.png/</thumb>
					<property name="labelID">suche</property>
					<property name="defaultID" />
					<onclick>ActivateWindow(Videos,"plugin://plugin.video.lastship/?action=movieSearch",return)</onclick>
					<property name="path">ActivateWindow(Videos,"plugin://plugin.video.lastship/?action=movieSearch",return)</property>
					<property name="list">plugin://plugin.video.lastship/?action=movieSearch</property>
					<property name="group">filme</property>
					<property name="isSubmenu">True</property>
				</item>
				<item id="2">
					<property name="id">$NUMBER[2]</property>
					<property name="mainmenuid">2</property>
					<label>HD Filme</label>
					<label2>Video Add-On</label2>
					<icon>DefaultShortcut.png</icon>
					<thumb>image://%2fstorage%2femulated%2f0%2fAndroid%2fdata%2fde.voodoo.fork%2ffiles%2f.kodi%2faddons%2fplugin.video.xstream%2ficon.png/</thumb>
					<property name="labelID">hdfilme</property>
					<property name="defaultID" />
					<onclick>ActivateWindow(Videos,"plugin://plugin.video.xstream/?site=hdfilme&amp;function=showMenu&amp;title=Filme&amp;sUrl=https%3A%2F%2Fhdfilme.net%2Fmovie-movies%3F",return)</onclick>
					<property name="path">ActivateWindow(Videos,"plugin://plugin.video.xstream/?site=hdfilme&amp;function=showMenu&amp;title=Filme&amp;sUrl=https%3A%2F%2Fhdfilme.net%2Fmovie-movies%3F",return)</property>
					<property name="list">plugin://plugin.video.xstream/?site=hdfilme&amp;function=showMenu&amp;title=Filme&amp;sUrl=https%3A%2F%2Fhdfilme.net%2Fmovie-movies%3F</property>
					<property name="group">filme</property>
					<property name="isSubmenu">True</property>
				</item>
				<item id="3">
					<property name="id">$NUMBER[3]</property>
					<property name="mainmenuid">2</property>
					<label>Kino </label>
					<label2>Video Add-On</label2>
					<icon>DefaultShortcut.png</icon>
					<thumb>image://%2fstorage%2femulated%2f0%2fAndroid%2fdata%2fde.voodoo.fork%2ffiles%2f.kodi%2faddons%2fplugin.video.xstream%2ficon.png/</thumb>
					<property name="labelID">kino</property>
					<property name="defaultID" />
					<property name="translatedPath">ActivateWindow(Videos,"plugin://plugin.video.xstream/?site=cinemaxx_cc&amp;function=showEntries&amp;title=Kino+Filme&amp;sUrl=http%3A%2F%2Fcinemaxx.cc%2Fkinofilme%2F",return)</property>
					<onclick>ActivateWindow(Videos,"plugin://plugin.video.xstream/?site=cinemaxx_cc&amp;function=showEntries&amp;title=Kino+Filme&amp;sUrl=http%3A%2F%2Fcinemaxx.cc%2Fkinofilme%2F",return)</onclick>
					<property name="path">ActivateWindow(Videos,"plugin://plugin.video.xstream/?site=cinemaxx_cc&amp;function=showEntries&amp;title=Kino+Filme&amp;sUrl=http%3A%2F%2Fcinemaxx.cc%2Fkinofilme%2F",return)</property>
					<property name="list">plugin://plugin.video.xstream/?site=cinemaxx_cc&amp;function=showEntries&amp;title=Kino+Filme&amp;sUrl=http%3A%2F%2Fcinemaxx.cc%2Fkinofilme%2F</property>
					<property name="group">filme</property>
					<property name="isSubmenu">True</property>
				</item>
				<item id="4">
					<property name="id">$NUMBER[4]</property>
					<property name="mainmenuid">2</property>
					<label>xStream</label>
					<label2>Video Add-On</label2>
					<icon>DefaultShortcut.png</icon>
					<thumb>image://%2fstorage%2femulated%2f0%2fAndroid%2fdata%2fde.voodoo.fork%2ffiles%2f.kodi%2faddons%2fplugin.video.xstream%2ficon.png/</thumb>
					<property name="labelID">plugin.video.xstream</property>
					<property name="defaultID">plugin.video.xstream</property>
					<onclick>ActivateWindow(Videos,"plugin://plugin.video.xstream",return)</onclick>
					<property name="path">ActivateWindow(Videos,"plugin://plugin.video.xstream",return)</property>
					<property name="list">plugin://plugin.video.xstream</property>
					<property name="group">filme</property>
					<property name="isSubmenu">True</property>
				</item>
				<item id="5">
					<property name="id">$NUMBER[5]</property>
					<property name="mainmenuid">2</property>
					<label>Trailer</label>
					<label2>Video Add-On</label2>
					<icon>DefaultShortcut.png</icon>
					<thumb>image://%2fstorage%2femulated%2f0%2fAndroid%2fdata%2fde.voodoo.fork%2ffiles%2f.kodi%2faddons%2fplugin.video.filmstarts%2ficon.png/</thumb>
					<property name="labelID">plugin.video.filmstarts</property>
					<property name="defaultID">plugin.video.filmstarts</property>
					<property name="translatedPath">ActivateWindow(Videos,"plugin://plugin.video.filmstarts",return)</property>
					<onclick>ActivateWindow(Videos,"plugin://plugin.video.filmstarts",return)</onclick>
					<property name="path">ActivateWindow(Videos,"plugin://plugin.video.filmstarts",return)</property>
					<property name="list">plugin://plugin.video.filmstarts</property>
					<property name="group">filme</property>
					<property name="isSubmenu">True</property>
				</item>
			</content>
		</control>
		<control type="group">
			<visible>String.IsEqual(Container(9000).ListItem.Property(submenuVisibility),filme)</visible>
			<animation delay="250" effect="slide" end="0,0" start="0,-97" time="200" tween="quadratic">Visible</animation>
			<animation easing="out" effect="slide" end="0,-97" start="0,0" time="200" tween="quadratic">Hidden</animation>
			<include>HomeSubMenuArrows</include>
		</control>
		<control id="9901" type="fixedlist">
			<visible>String.IsEqual(Container(9000).ListItem.Property(submenuVisibility),serien)</visible>
			<left>285</left>
			<top>107</top>
			<width>1350</width>
			<height>60</height>
			<onup>9000</onup>
			<ondown>9002</ondown>
			<itemgap>0</itemgap>
			<focusposition>2</focusposition>
			<movement>2</movement>
			<orientation>Horizontal</orientation>
			<animation easing="out" effect="slide" end="0,-97" start="0,0" time="200" tween="quadratic">Hidden</animation>
			<animation condition="String.IsEqual(Container(9901).NumItems,2) | String.IsEqual(Container(9901).NumItems,4)" effect="slide" end="-135,0" start="0,0" time="0">conditional</animation>
			<animation delay="250" effect="slide" end="0,0" start="0,-97" time="200" tween="quadratic">Visible</animation>
			<itemlayout height="60" width="270">
				<control type="image">
					<height>60</height>
					<width>270</width>
					<texture colordiffuse="tertiary">backgrounds/white.png</texture>
				</control>
				<control type="label">
					<height>60</height>
					<width>270</width>
					<align>center</align>
					<aligny>center</aligny>
					<font>button</font>
					<textcolor>text.primary</textcolor>
					<info>ListItem.Label</info>
				</control>
			</itemlayout>
			<focusedlayout height="60" width="270">
				<control type="image">
					<height>60</height>
					<width>270</width>
					<texture colordiffuse="$VAR[Colour.500]">backgrounds/white.png</texture>
					<visible>Control.HasFocus(9901)</visible>
				</control>
				<control type="label">
					<height>60</height>
					<width>270</width>
					<align>center</align>
					<aligny>center</aligny>
					<font>button</font>
					<textcolor>white</textcolor>
					<info>ListItem.Label</info>
					<visible>Control.HasFocus(9901)</visible>
				</control>
				<control type="image">
					<height>60</height>
					<width>270</width>
					<texture colordiffuse="tertiary">backgrounds/white.png</texture>
					<visible>!Control.HasFocus(9901)</visible>
				</control>
				<control type="label">
					<height>60</height>
					<width>270</width>
					<align>center</align>
					<aligny>center</aligny>
					<font>button</font>
					<textcolor>text.primary</textcolor>
					<info>ListItem.Label</info>
					<visible>!Control.HasFocus(9901)</visible>
				</control>
			</focusedlayout>
			<content>
				<item id="1">
					<property name="id">$NUMBER[1]</property>
					<property name="mainmenuid">3</property>
					<label>Suche</label>
					<label2>Video Add-On</label2>
					<icon>DefaultShortcut.png</icon>
					<thumb>image://%2fstorage%2femulated%2f0%2fAndroid%2fdata%2fde.voodoo.fork%2ffiles%2f.kodi%2faddons%2fscript.lastship.artwork%2fresources%2fmedia%2fLastship%2fsearch.png/</thumb>
					<property name="labelID">suche</property>
					<property name="defaultID" />
					<onclick>ActivateWindow(Videos,"plugin://plugin.video.lastship/?action=tvSearch",return)</onclick>
					<property name="path">ActivateWindow(Videos,"plugin://plugin.video.lastship/?action=tvSearch",return)</property>
					<property name="list">plugin://plugin.video.lastship/?action=tvSearch</property>
					<property name="group">serien</property>
					<property name="isSubmenu">True</property>
				</item>
				<item id="2">
					<property name="id">$NUMBER[2]</property>
					<property name="mainmenuid">3</property>
					<label>Amazon</label>
					<label2>Video Add-On</label2>
					<icon>DefaultShortcut.png</icon>
					<thumb>image://https%3a%2f%2fi.imgur.com%2fru9DDlL.png/</thumb>
					<property name="labelID">amazon</property>
					<property name="defaultID" />
					<onclick>ActivateWindow(Videos,"plugin://plugin.video.lastship/?action=tvshows&amp;url=http%3A%2F%2Fwww.tvmaze.com%2Fwebchannels%2F3%2Famazon",return)</onclick>
					<property name="path">ActivateWindow(Videos,"plugin://plugin.video.lastship/?action=tvshows&amp;url=http%3A%2F%2Fwww.tvmaze.com%2Fwebchannels%2F3%2Famazon",return)</property>
					<property name="list">plugin://plugin.video.lastship/?action=tvshows&amp;url=http%3A%2F%2Fwww.tvmaze.com%2Fwebchannels%2F3%2Famazon</property>
					<property name="group">serien</property>
					<property name="isSubmenu">True</property>
				</item>
				<item id="3">
					<property name="id">$NUMBER[3]</property>
					<property name="mainmenuid">3</property>
					<label>Netflix</label>
					<label2>Video Add-On</label2>
					<icon>DefaultShortcut.png</icon>
					<thumb>image://https%3a%2f%2fi.imgur.com%2fjI5c3bw.png/</thumb>
					<property name="labelID">netflix</property>
					<property name="defaultID" />
					<onclick>ActivateWindow(Videos,"plugin://plugin.video.lastship/?action=tvshows&amp;url=http%3A%2F%2Fwww.tvmaze.com%2Fwebchannels%2F1%2Fnetflix",return)</onclick>
					<property name="path">ActivateWindow(Videos,"plugin://plugin.video.lastship/?action=tvshows&amp;url=http%3A%2F%2Fwww.tvmaze.com%2Fwebchannels%2F1%2Fnetflix",return)</property>
					<property name="list">plugin://plugin.video.lastship/?action=tvshows&amp;url=http%3A%2F%2Fwww.tvmaze.com%2Fwebchannels%2F1%2Fnetflix</property>
					<property name="group">serien</property>
					<property name="isSubmenu">True</property>
				</item>
			</content>
		</control>
		<control type="group">
			<visible>String.IsEqual(Container(9000).ListItem.Property(submenuVisibility),serien)</visible>
			<animation delay="250" effect="slide" end="0,0" start="0,-97" time="200" tween="quadratic">Visible</animation>
			<animation easing="out" effect="slide" end="0,-97" start="0,0" time="200" tween="quadratic">Hidden</animation>
			<include>HomeSubMenuArrows</include>
		</control>
		<control id="9901" type="fixedlist">
			<visible>String.IsEqual(Container(9000).ListItem.Property(submenuVisibility),kinder)</visible>
			<left>285</left>
			<top>107</top>
			<width>1350</width>
			<height>60</height>
			<onup>9000</onup>
			<ondown>9002</ondown>
			<itemgap>0</itemgap>
			<focusposition>2</focusposition>
			<movement>2</movement>
			<orientation>Horizontal</orientation>
			<animation easing="out" effect="slide" end="0,-97" start="0,0" time="200" tween="quadratic">Hidden</animation>
			<animation condition="String.IsEqual(Container(9901).NumItems,2) | String.IsEqual(Container(9901).NumItems,4)" effect="slide" end="-135,0" start="0,0" time="0">conditional</animation>
			<animation delay="250" effect="slide" end="0,0" start="0,-97" time="200" tween="quadratic">Visible</animation>
			<itemlayout height="60" width="270">
				<control type="image">
					<height>60</height>
					<width>270</width>
					<texture colordiffuse="tertiary">backgrounds/white.png</texture>
				</control>
				<control type="label">
					<height>60</height>
					<width>270</width>
					<align>center</align>
					<aligny>center</aligny>
					<font>button</font>
					<textcolor>text.primary</textcolor>
					<info>ListItem.Label</info>
				</control>
			</itemlayout>
			<focusedlayout height="60" width="270">
				<control type="image">
					<height>60</height>
					<width>270</width>
					<texture colordiffuse="$VAR[Colour.500]">backgrounds/white.png</texture>
					<visible>Control.HasFocus(9901)</visible>
				</control>
				<control type="label">
					<height>60</height>
					<width>270</width>
					<align>center</align>
					<aligny>center</aligny>
					<font>button</font>
					<textcolor>white</textcolor>
					<info>ListItem.Label</info>
					<visible>Control.HasFocus(9901)</visible>
				</control>
				<control type="image">
					<height>60</height>
					<width>270</width>
					<texture colordiffuse="tertiary">backgrounds/white.png</texture>
					<visible>!Control.HasFocus(9901)</visible>
				</control>
				<control type="label">
					<height>60</height>
					<width>270</width>
					<align>center</align>
					<aligny>center</aligny>
					<font>button</font>
					<textcolor>text.primary</textcolor>
					<info>ListItem.Label</info>
					<visible>!Control.HasFocus(9901)</visible>
				</control>
			</focusedlayout>
			<content>
				<item id="1">
					<property name="id">$NUMBER[1]</property>
					<property name="mainmenuid">4</property>
					<label>Juniorportal</label>
					<label2>Video Add-On</label2>
					<icon>DefaultShortcut.png</icon>
					<thumb>image://%2fdata%2fuser%2f0%2fde.voodoo.fork%2fcache%2fapk%2fassets%2faddons%2fplugin.video.juniorportal%2ficon.png/</thumb>
					<property name="labelID">plugin.video.juniorportal</property>
					<property name="defaultID">plugin.video.juniorportal</property>
					<property name="translatedPath">ActivateWindow(Videos,"plugin://plugin.video.juniorportal",return)</property>
					<onclick>ActivateWindow(Videos,"plugin://plugin.video.juniorportal",return)</onclick>
					<property name="path">ActivateWindow(Videos,"plugin://plugin.video.juniorportal",return)</property>
					<property name="list">plugin://plugin.video.juniorportal</property>
					<property name="group">kinder</property>
					<property name="isSubmenu">True</property>
				</item>
				<item id="2">
					<property name="id">$NUMBER[2]</property>
					<property name="mainmenuid">4</property>
					<label>Animation</label>
					<label2>Video Add-On</label2>
					<icon>DefaultShortcut.png</icon>
					<thumb>image://%2fstorage%2femulated%2f0%2fAndroid%2fdata%2fde.voodoo.fork%2ffiles%2f.kodi%2faddons%2fscript.lastship.artwork%2fresources%2fmedia%2fLastship%2fgenres.png/</thumb>
					<property name="labelID">animation</property>
					<property name="defaultID" />
					<property name="translatedPath">ActivateWindow(Videos,"plugin://plugin.video.lastship/?action=movies&amp;url=http%3A%2F%2Fwww.imdb.com%2Fsearch%2Ftitle%3Ftitle_type%3Dfeature%2Ctv_movie%2Cdocumentary%26num_votes%3D100%2C%26release_date%3D%2Cdate%5B0%5D%26genres%3Danimation%26adult%3Dinclude",return)</property>
					<onclick>ActivateWindow(Videos,"plugin://plugin.video.lastship/?action=movies&amp;url=http%3A%2F%2Fwww.imdb.com%2Fsearch%2Ftitle%3Ftitle_type%3Dfeature%2Ctv_movie%2Cdocumentary%26num_votes%3D100%2C%26release_date%3D%2Cdate%5B0%5D%26genres%3Danimation%26adult%3Dinclude",return)</onclick>
					<property name="path">ActivateWindow(Videos,"plugin://plugin.video.lastship/?action=movies&amp;url=http%3A%2F%2Fwww.imdb.com%2Fsearch%2Ftitle%3Ftitle_type%3Dfeature%2Ctv_movie%2Cdocumentary%26num_votes%3D100%2C%26release_date%3D%2Cdate%5B0%5D%26genres%3Danimation%26adult%3Dinclude",return)</property>
					<property name="list">plugin://plugin.video.lastship/?action=movies&amp;url=http%3A%2F%2Fwww.imdb.com%2Fsearch%2Ftitle%3Ftitle_type%3Dfeature%2Ctv_movie%2Cdocumentary%26num_votes%3D100%2C%26release_date%3D%2Cdate%5B0%5D%26genres%3Danimation%26adult%3Dinclude</property>
					<property name="group">kinder</property>
					<property name="isSubmenu">True</property>
				</item>
			</content>
		</control>
		<control type="group">
			<visible>String.IsEqual(Container(9000).ListItem.Property(submenuVisibility),kinder)</visible>
			<animation delay="250" effect="slide" end="0,0" start="0,-97" time="200" tween="quadratic">Visible</animation>
			<animation easing="out" effect="slide" end="0,-97" start="0,0" time="200" tween="quadratic">Hidden</animation>
			<include>HomeSubMenuArrows</include>
		</control>
		<control id="9901" type="fixedlist">
			<visible>String.IsEqual(Container(9000).ListItem.Property(submenuVisibility),tv)</visible>
			<left>285</left>
			<top>107</top>
			<width>1350</width>
			<height>60</height>
			<onup>9000</onup>
			<ondown>9002</ondown>
			<itemgap>0</itemgap>
			<focusposition>2</focusposition>
			<movement>2</movement>
			<orientation>Horizontal</orientation>
			<animation easing="out" effect="slide" end="0,-97" start="0,0" time="200" tween="quadratic">Hidden</animation>
			<animation condition="String.IsEqual(Container(9901).NumItems,2) | String.IsEqual(Container(9901).NumItems,4)" effect="slide" end="-135,0" start="0,0" time="0">conditional</animation>
			<animation delay="250" effect="slide" end="0,0" start="0,-97" time="200" tween="quadratic">Visible</animation>
			<itemlayout height="60" width="270">
				<control type="image">
					<height>60</height>
					<width>270</width>
					<texture colordiffuse="tertiary">backgrounds/white.png</texture>
				</control>
				<control type="label">
					<height>60</height>
					<width>270</width>
					<align>center</align>
					<aligny>center</aligny>
					<font>button</font>
					<textcolor>text.primary</textcolor>
					<info>ListItem.Label</info>
				</control>
			</itemlayout>
			<focusedlayout height="60" width="270">
				<control type="image">
					<height>60</height>
					<width>270</width>
					<texture colordiffuse="$VAR[Colour.500]">backgrounds/white.png</texture>
					<visible>Control.HasFocus(9901)</visible>
				</control>
				<control type="label">
					<height>60</height>
					<width>270</width>
					<align>center</align>
					<aligny>center</aligny>
					<font>button</font>
					<textcolor>white</textcolor>
					<info>ListItem.Label</info>
					<visible>Control.HasFocus(9901)</visible>
				</control>
				<control type="image">
					<height>60</height>
					<width>270</width>
					<texture colordiffuse="tertiary">backgrounds/white.png</texture>
					<visible>!Control.HasFocus(9901)</visible>
				</control>
				<control type="label">
					<height>60</height>
					<width>270</width>
					<align>center</align>
					<aligny>center</aligny>
					<font>button</font>
					<textcolor>text.primary</textcolor>
					<info>ListItem.Label</info>
					<visible>!Control.HasFocus(9901)</visible>
				</control>
			</focusedlayout>
			<content>
				<item id="1">
					<property name="id">$NUMBER[1]</property>
					<property name="mainmenuid">6</property>
					<label>$LOCALIZE[19019]</label>
					<label2>$ADDON[script.skinshortcuts 32017]</label2>
					<icon>DefaultTVShows.png</icon>
					<thumb />
					<property name="labelID">19019</property>
					<property name="defaultID">19019</property>
					<onclick>ActivateWindow(TVChannels)</onclick>
					<property name="path">ActivateWindow(TVChannels)</property>
					<property name="list">TVChannels</property>
					<property name="group">tv</property>
					<property name="isSubmenu">True</property>
				</item>
				<item id="2">
					<property name="id">$NUMBER[2]</property>
					<property name="mainmenuid">6</property>
					<label>$LOCALIZE[22020]</label>
					<label2>$ADDON[script.skinshortcuts 32017]</label2>
					<icon>DefaultTVShows.png</icon>
					<thumb />
					<property name="labelID">22020</property>
					<property name="defaultID">22020</property>
					<onclick>ActivateWindow(TVGuide)</onclick>
					<property name="path">ActivateWindow(TVGuide)</property>
					<property name="list">TVGuide</property>
					<property name="group">tv</property>
					<property name="isSubmenu">True</property>
				</item>
				<item id="3">
					<property name="id">$NUMBER[3]</property>
					<property name="mainmenuid">6</property>
					<label>$LOCALIZE[19163]</label>
					<label2>$ADDON[script.skinshortcuts 32017]</label2>
					<icon>DefaultTVShows.png</icon>
					<thumb />
					<property name="labelID">19163</property>
					<property name="defaultID">19163</property>
					<onclick>ActivateWindow(TVRecordings)</onclick>
					<property name="path">ActivateWindow(TVRecordings)</property>
					<property name="list">TVRecordings</property>
					<property name="group">tv</property>
					<property name="isSubmenu">True</property>
				</item>
				<item id="4">
					<property name="id">$NUMBER[4]</property>
					<property name="mainmenuid">6</property>
					<label>$LOCALIZE[19138]</label>
					<label2>$ADDON[script.skinshortcuts 32017]</label2>
					<icon>DefaultTVShows.png</icon>
					<thumb />
					<property name="labelID">19138</property>
					<property name="defaultID">19138</property>
					<onclick>ActivateWindow(TVTimerRules)</onclick>
					<property name="path">ActivateWindow(TVTimerRules)</property>
					<property name="list">TVTimerRules</property>
					<property name="group">tv</property>
					<property name="isSubmenu">True</property>
				</item>
				<item id="5">
					<property name="id">$NUMBER[5]</property>
					<property name="mainmenuid">6</property>
					<label>$LOCALIZE[19040]</label>
					<label2>$ADDON[script.skinshortcuts 32017]</label2>
					<icon>DefaultTVShows.png</icon>
					<thumb />
					<property name="labelID">19040</property>
					<property name="defaultID">19040</property>
					<onclick>ActivateWindow(TVTimers)</onclick>
					<property name="path">ActivateWindow(TVTimers)</property>
					<property name="list">TVTimers</property>
					<property name="group">tv</property>
					<property name="isSubmenu">True</property>
				</item>
				<item id="6">
					<property name="id">$NUMBER[6]</property>
					<property name="mainmenuid">6</property>
					<label>$LOCALIZE[137]</label>
					<label2>$ADDON[script.skinshortcuts 32017]</label2>
					<icon>DefaultTVShows.png</icon>
					<thumb />
					<property name="labelID">137</property>
					<property name="defaultID">137</property>
					<onclick>ActivateWindow(TVSearch)</onclick>
					<property name="path">ActivateWindow(TVSearch)</property>
					<property name="list">TVSearch</property>
					<property name="group">tv</property>
					<property name="isSubmenu">True</property>
				</item>
			</content>
		</control>
		<control type="group">
			<visible>String.IsEqual(Container(9000).ListItem.Property(submenuVisibility),tv)</visible>
			<animation delay="250" effect="slide" end="0,0" start="0,-97" time="200" tween="quadratic">Visible</animation>
			<animation easing="out" effect="slide" end="0,-97" start="0,0" time="200" tween="quadratic">Hidden</animation>
			<include>HomeSubMenuArrows</include>
		</control>
		<control id="9901" type="fixedlist">
			<visible>String.IsEqual(Container(9000).ListItem.Property(submenuVisibility),sport)</visible>
			<left>285</left>
			<top>107</top>
			<width>1350</width>
			<height>60</height>
			<onup>9000</onup>
			<ondown>9002</ondown>
			<itemgap>0</itemgap>
			<focusposition>2</focusposition>
			<movement>2</movement>
			<orientation>Horizontal</orientation>
			<animation easing="out" effect="slide" end="0,-97" start="0,0" time="200" tween="quadratic">Hidden</animation>
			<animation condition="String.IsEqual(Container(9901).NumItems,2) | String.IsEqual(Container(9901).NumItems,4)" effect="slide" end="-135,0" start="0,0" time="0">conditional</animation>
			<animation delay="250" effect="slide" end="0,0" start="0,-97" time="200" tween="quadratic">Visible</animation>
			<itemlayout height="60" width="270">
				<control type="image">
					<height>60</height>
					<width>270</width>
					<texture colordiffuse="tertiary">backgrounds/white.png</texture>
				</control>
				<control type="label">
					<height>60</height>
					<width>270</width>
					<align>center</align>
					<aligny>center</aligny>
					<font>button</font>
					<textcolor>text.primary</textcolor>
					<info>ListItem.Label</info>
				</control>
			</itemlayout>
			<focusedlayout height="60" width="270">
				<control type="image">
					<height>60</height>
					<width>270</width>
					<texture colordiffuse="$VAR[Colour.500]">backgrounds/white.png</texture>
					<visible>Control.HasFocus(9901)</visible>
				</control>
				<control type="label">
					<height>60</height>
					<width>270</width>
					<align>center</align>
					<aligny>center</aligny>
					<font>button</font>
					<textcolor>white</textcolor>
					<info>ListItem.Label</info>
					<visible>Control.HasFocus(9901)</visible>
				</control>
				<control type="image">
					<height>60</height>
					<width>270</width>
					<texture colordiffuse="tertiary">backgrounds/white.png</texture>
					<visible>!Control.HasFocus(9901)</visible>
				</control>
				<control type="label">
					<height>60</height>
					<width>270</width>
					<align>center</align>
					<aligny>center</aligny>
					<font>button</font>
					<textcolor>text.primary</textcolor>
					<info>ListItem.Label</info>
					<visible>!Control.HasFocus(9901)</visible>
				</control>
			</focusedlayout>
			<content>
				<item id="1">
					<property name="id">$NUMBER[1]</property>
					<property name="mainmenuid">7</property>
					<label>[COLOR FFffffffff]WWE[/COLOR]</label>
					<label2>Video Add-On</label2>
					<icon>DefaultShortcut.png</icon>
					<thumb>image://%2fstorage%2femulated%2f0%2fAndroid%2fdata%2fde.voodoo.fork%2ffiles%2f.kodi%2faddons%2fplugin.video.loki%2ficon.png/</thumb>
					<property name="labelID">colorffffffffff-wwe-color</property>
					<property name="defaultID" />
					<property name="translatedPath">ActivateWindow(Videos,"plugin://plugin.video.loki/?mode=get_list&amp;url=http%3A%2F%2Fbuilds.kodiuk.tv%2Fdevelopment%2Floki%2FWWE%2Fwwe%2520main%2520xml%2Fmainwwe.xml&amp;name=%5BCOLOR+FFffffffff%5DWWE%5B%2FCOLOR%5D&amp;iconimage=%2Fstorage%2Femulated%2F0%2FAndroid%2Fdata%2Fde.voodoo.fork%2Ffiles%2F.kodi%2Faddons%2Fplugin.video.loki%2Ficon.png&amp;fanart=%2Fstorage%2Femulated%2F0%2FAndroid%2Fdata%2Fde.voodoo.fork%2Ffiles%2F.kodi%2Faddons%2Fplugin.video.loki%2Ffanart.jpg&amp;description=No+information+available",return)</property>
					<onclick>ActivateWindow(Videos,"plugin://plugin.video.loki/?mode=get_list&amp;url=http%3A%2F%2Fbuilds.kodiuk.tv%2Fdevelopment%2Floki%2FWWE%2Fwwe%2520main%2520xml%2Fmainwwe.xml&amp;name=%5BCOLOR+FFffffffff%5DWWE%5B%2FCOLOR%5D&amp;iconimage=%2Fstorage%2Femulated%2F0%2FAndroid%2Fdata%2Fde.voodoo.fork%2Ffiles%2F.kodi%2Faddons%2Fplugin.video.loki%2Ficon.png&amp;fanart=%2Fstorage%2Femulated%2F0%2FAndroid%2Fdata%2Fde.voodoo.fork%2Ffiles%2F.kodi%2Faddons%2Fplugin.video.loki%2Ffanart.jpg&amp;description=No+information+available",return)</onclick>
					<property name="path">ActivateWindow(Videos,"plugin://plugin.video.loki/?mode=get_list&amp;url=http%3A%2F%2Fbuilds.kodiuk.tv%2Fdevelopment%2Floki%2FWWE%2Fwwe%2520main%2520xml%2Fmainwwe.xml&amp;name=%5BCOLOR+FFffffffff%5DWWE%5B%2FCOLOR%5D&amp;iconimage=%2Fstorage%2Femulated%2F0%2FAndroid%2Fdata%2Fde.voodoo.fork%2Ffiles%2F.kodi%2Faddons%2Fplugin.video.loki%2Ficon.png&amp;fanart=%2Fstorage%2Femulated%2F0%2FAndroid%2Fdata%2Fde.voodoo.fork%2Ffiles%2F.kodi%2Faddons%2Fplugin.video.loki%2Ffanart.jpg&amp;description=No+information+available",return)</property>
					<property name="list">plugin://plugin.video.loki/?mode=get_list&amp;url=http%3A%2F%2Fbuilds.kodiuk.tv%2Fdevelopment%2Floki%2FWWE%2Fwwe%2520main%2520xml%2Fmainwwe.xml&amp;name=%5BCOLOR+FFffffffff%5DWWE%5B%2FCOLOR%5D&amp;iconimage=%2Fstorage%2Femulated%2F0%2FAndroid%2Fdata%2Fde.voodoo.fork%2Ffiles%2F.kodi%2Faddons%2Fplugin.video.loki%2Ficon.png&amp;fanart=%2Fstorage%2Femulated%2F0%2FAndroid%2Fdata%2Fde.voodoo.fork%2Ffiles%2F.kodi%2Faddons%2Fplugin.video.loki%2Ffanart.jpg&amp;description=No+information+available</property>
					<property name="group">sport</property>
					<property name="isSubmenu">True</property>
				</item>
				<item id="2">
					<property name="id">$NUMBER[2]</property>
					<property name="mainmenuid">7</property>
					<label>[COLOR FFffffffff]UFC[/COLOR]</label>
					<label2>Video Add-On</label2>
					<icon>DefaultShortcut.png</icon>
					<thumb>image://%2fstorage%2femulated%2f0%2fAndroid%2fdata%2fde.voodoo.fork%2ffiles%2f.kodi%2faddons%2fplugin.video.loki%2ficon.png/</thumb>
					<property name="labelID">colorffffffffff-ufc-color</property>
					<property name="defaultID" />
					<property name="translatedPath">ActivateWindow(Videos,"plugin://plugin.video.loki/?mode=get_list&amp;url=http%3A%2F%2Fbuilds.kodiuk.tv%2Fdevelopment%2Floki%2Fufc%2Fufc.xml&amp;name=%5BCOLOR+FFffffffff%5DUFC%5B%2FCOLOR%5D&amp;iconimage=%2Fstorage%2Femulated%2F0%2FAndroid%2Fdata%2Fde.voodoo.fork%2Ffiles%2F.kodi%2Faddons%2Fplugin.video.loki%2Ficon.png&amp;fanart=%2Fstorage%2Femulated%2F0%2FAndroid%2Fdata%2Fde.voodoo.fork%2Ffiles%2F.kodi%2Faddons%2Fplugin.video.loki%2Ffanart.jpg&amp;description=No+information+available",return)</property>
					<onclick>ActivateWindow(Videos,"plugin://plugin.video.loki/?mode=get_list&amp;url=http%3A%2F%2Fbuilds.kodiuk.tv%2Fdevelopment%2Floki%2Fufc%2Fufc.xml&amp;name=%5BCOLOR+FFffffffff%5DUFC%5B%2FCOLOR%5D&amp;iconimage=%2Fstorage%2Femulated%2F0%2FAndroid%2Fdata%2Fde.voodoo.fork%2Ffiles%2F.kodi%2Faddons%2Fplugin.video.loki%2Ficon.png&amp;fanart=%2Fstorage%2Femulated%2F0%2FAndroid%2Fdata%2Fde.voodoo.fork%2Ffiles%2F.kodi%2Faddons%2Fplugin.video.loki%2Ffanart.jpg&amp;description=No+information+available",return)</onclick>
					<property name="path">ActivateWindow(Videos,"plugin://plugin.video.loki/?mode=get_list&amp;url=http%3A%2F%2Fbuilds.kodiuk.tv%2Fdevelopment%2Floki%2Fufc%2Fufc.xml&amp;name=%5BCOLOR+FFffffffff%5DUFC%5B%2FCOLOR%5D&amp;iconimage=%2Fstorage%2Femulated%2F0%2FAndroid%2Fdata%2Fde.voodoo.fork%2Ffiles%2F.kodi%2Faddons%2Fplugin.video.loki%2Ficon.png&amp;fanart=%2Fstorage%2Femulated%2F0%2FAndroid%2Fdata%2Fde.voodoo.fork%2Ffiles%2F.kodi%2Faddons%2Fplugin.video.loki%2Ffanart.jpg&amp;description=No+information+available",return)</property>
					<property name="list">plugin://plugin.video.loki/?mode=get_list&amp;url=http%3A%2F%2Fbuilds.kodiuk.tv%2Fdevelopment%2Floki%2Fufc%2Fufc.xml&amp;name=%5BCOLOR+FFffffffff%5DUFC%5B%2FCOLOR%5D&amp;iconimage=%2Fstorage%2Femulated%2F0%2FAndroid%2Fdata%2Fde.voodoo.fork%2Ffiles%2F.kodi%2Faddons%2Fplugin.video.loki%2Ficon.png&amp;fanart=%2Fstorage%2Femulated%2F0%2FAndroid%2Fdata%2Fde.voodoo.fork%2Ffiles%2F.kodi%2Faddons%2Fplugin.video.loki%2Ffanart.jpg&amp;description=No+information+available</property>
					<property name="group">sport</property>
					<property name="isSubmenu">True</property>
				</item>
				<item id="3">
					<property name="id">$NUMBER[3]</property>
					<property name="mainmenuid">7</property>
					<label>3. Liga</label>
					<label2>Video Add-On</label2>
					<icon>DefaultShortcut.png</icon>
					<thumb>image://%2fstorage%2femulated%2f0%2fAndroid%2fdata%2fde.voodoo.fork%2ffiles%2f.kodi%2faddons%2fplugin.video.bundesliga3%2ficon.png/</thumb>
					<property name="labelID">plugin.video.bundesliga3</property>
					<property name="defaultID">plugin.video.bundesliga3</property>
					<property name="translatedPath">ActivateWindow(Videos,"plugin://plugin.video.bundesliga3",return)</property>
					<onclick>ActivateWindow(Videos,"plugin://plugin.video.bundesliga3",return)</onclick>
					<property name="path">ActivateWindow(Videos,"plugin://plugin.video.bundesliga3",return)</property>
					<property name="list">plugin://plugin.video.bundesliga3</property>
					<property name="group">sport</property>
					<property name="isSubmenu">True</property>
				</item>
			</content>
		</control>
		<control type="group">
			<visible>String.IsEqual(Container(9000).ListItem.Property(submenuVisibility),sport)</visible>
			<animation delay="250" effect="slide" end="0,0" start="0,-97" time="200" tween="quadratic">Visible</animation>
			<animation easing="out" effect="slide" end="0,-97" start="0,0" time="200" tween="quadratic">Hidden</animation>
			<include>HomeSubMenuArrows</include>
		</control>
		<control id="9901" type="fixedlist">
			<visible>String.IsEqual(Container(9000).ListItem.Property(submenuVisibility),plugin-video-mediathek)</visible>
			<left>285</left>
			<top>107</top>
			<width>1350</width>
			<height>60</height>
			<onup>9000</onup>
			<ondown>9002</ondown>
			<itemgap>0</itemgap>
			<focusposition>2</focusposition>
			<movement>2</movement>
			<orientation>Horizontal</orientation>
			<animation easing="out" effect="slide" end="0,-97" start="0,0" time="200" tween="quadratic">Hidden</animation>
			<animation condition="String.IsEqual(Container(9901).NumItems,2) | String.IsEqual(Container(9901).NumItems,4)" effect="slide" end="-135,0" start="0,0" time="0">conditional</animation>
			<animation delay="250" effect="slide" end="0,0" start="0,-97" time="200" tween="quadratic">Visible</animation>
			<itemlayout height="60" width="270">
				<control type="image">
					<height>60</height>
					<width>270</width>
					<texture colordiffuse="tertiary">backgrounds/white.png</texture>
				</control>
				<control type="label">
					<height>60</height>
					<width>270</width>
					<align>center</align>
					<aligny>center</aligny>
					<font>button</font>
					<textcolor>text.primary</textcolor>
					<info>ListItem.Label</info>
				</control>
			</itemlayout>
			<focusedlayout height="60" width="270">
				<control type="image">
					<height>60</height>
					<width>270</width>
					<texture colordiffuse="$VAR[Colour.500]">backgrounds/white.png</texture>
					<visible>Control.HasFocus(9901)</visible>
				</control>
				<control type="label">
					<height>60</height>
					<width>270</width>
					<align>center</align>
					<aligny>center</aligny>
					<font>button</font>
					<textcolor>white</textcolor>
					<info>ListItem.Label</info>
					<visible>Control.HasFocus(9901)</visible>
				</control>
				<control type="image">
					<height>60</height>
					<width>270</width>
					<texture colordiffuse="tertiary">backgrounds/white.png</texture>
					<visible>!Control.HasFocus(9901)</visible>
				</control>
				<control type="label">
					<height>60</height>
					<width>270</width>
					<align>center</align>
					<aligny>center</aligny>
					<font>button</font>
					<textcolor>text.primary</textcolor>
					<info>ListItem.Label</info>
					<visible>!Control.HasFocus(9901)</visible>
				</control>
			</focusedlayout>
			<content>
				<item id="1">
					<property name="id">$NUMBER[1]</property>
					<property name="mainmenuid">8</property>
					<label>7TV</label>
					<label2>Video Add-On</label2>
					<icon>DefaultShortcut.png</icon>
					<thumb>image://%2fstorage%2femulated%2f0%2fAndroid%2fdata%2fde.voodoo.fork%2ffiles%2f.kodi%2faddons%2fplugin.video.7tvneu%2ficon.png/</thumb>
					<property name="labelID">plugin.video.7tvneu</property>
					<property name="defaultID">plugin.video.7tvneu</property>
					<property name="translatedPath">ActivateWindow(Videos,"plugin://plugin.video.7tvneu",return)</property>
					<onclick>ActivateWindow(Videos,"plugin://plugin.video.7tvneu",return)</onclick>
					<property name="path">ActivateWindow(Videos,"plugin://plugin.video.7tvneu",return)</property>
					<property name="list">plugin://plugin.video.7tvneu</property>
					<property name="group">plugin.video.mediathek</property>
					<property name="isSubmenu">True</property>
				</item>
				<item id="2">
					<property name="id">$NUMBER[2]</property>
					<property name="mainmenuid">8</property>
					<label>DMAX </label>
					<label2>Video Add-On</label2>
					<icon>DefaultShortcut.png</icon>
					<thumb>image://%2fstorage%2femulated%2f0%2fAndroid%2fdata%2fde.voodoo.fork%2ffiles%2f.kodi%2faddons%2fplugin.video.L0RE.dmax%2ficon.png/</thumb>
					<property name="labelID">plugin.video.L0RE.dmax</property>
					<property name="defaultID">plugin.video.L0RE.dmax</property>
					<property name="translatedPath">ActivateWindow(Videos,"plugin://plugin.video.L0RE.dmax",return)</property>
					<onclick>ActivateWindow(Videos,"plugin://plugin.video.L0RE.dmax",return)</onclick>
					<property name="path">ActivateWindow(Videos,"plugin://plugin.video.L0RE.dmax",return)</property>
					<property name="list">plugin://plugin.video.L0RE.dmax</property>
					<property name="group">plugin.video.mediathek</property>
					<property name="isSubmenu">True</property>
				</item>
				<item id="3">
					<property name="id">$NUMBER[3]</property>
					<property name="mainmenuid">8</property>
					<label>TV Now</label>
					<label2>Video Add-On</label2>
					<icon>DefaultShortcut.png</icon>
					<thumb>image://%2fstorage%2femulated%2f0%2fAndroid%2fdata%2fde.voodoo.fork%2ffiles%2f.kodi%2faddons%2fplugin.video.rtlnow%2ficon.png/</thumb>
					<property name="labelID">plugin.video.rtlnow</property>
					<property name="defaultID">plugin.video.rtlnow</property>
					<property name="translatedPath">ActivateWindow(Videos,"plugin://plugin.video.rtlnow",return)</property>
					<onclick>ActivateWindow(Videos,"plugin://plugin.video.rtlnow",return)</onclick>
					<property name="path">ActivateWindow(Videos,"plugin://plugin.video.rtlnow",return)</property>
					<property name="list">plugin://plugin.video.rtlnow</property>
					<property name="group">plugin.video.mediathek</property>
					<property name="isSubmenu">True</property>
				</item>
			</content>
		</control>
		<control type="group">
			<visible>String.IsEqual(Container(9000).ListItem.Property(submenuVisibility),plugin-video-mediathek)</visible>
			<animation delay="250" effect="slide" end="0,0" start="0,-97" time="200" tween="quadratic">Visible</animation>
			<animation easing="out" effect="slide" end="0,-97" start="0,0" time="200" tween="quadratic">Hidden</animation>
			<include>HomeSubMenuArrows</include>
		</control>
		<control id="9901" type="fixedlist">
			<visible>String.IsEqual(Container(9000).ListItem.Property(submenuVisibility),plugin-audio-mp3streams)</visible>
			<left>285</left>
			<top>107</top>
			<width>1350</width>
			<height>60</height>
			<onup>9000</onup>
			<ondown>9002</ondown>
			<itemgap>0</itemgap>
			<focusposition>2</focusposition>
			<movement>2</movement>
			<orientation>Horizontal</orientation>
			<animation easing="out" effect="slide" end="0,-97" start="0,0" time="200" tween="quadratic">Hidden</animation>
			<animation condition="String.IsEqual(Container(9901).NumItems,2) | String.IsEqual(Container(9901).NumItems,4)" effect="slide" end="-135,0" start="0,0" time="0">conditional</animation>
			<animation delay="250" effect="slide" end="0,0" start="0,-97" time="200" tween="quadratic">Visible</animation>
			<itemlayout height="60" width="270">
				<control type="image">
					<height>60</height>
					<width>270</width>
					<texture colordiffuse="tertiary">backgrounds/white.png</texture>
				</control>
				<control type="label">
					<height>60</height>
					<width>270</width>
					<align>center</align>
					<aligny>center</aligny>
					<font>button</font>
					<textcolor>text.primary</textcolor>
					<info>ListItem.Label</info>
				</control>
			</itemlayout>
			<focusedlayout height="60" width="270">
				<control type="image">
					<height>60</height>
					<width>270</width>
					<texture colordiffuse="$VAR[Colour.500]">backgrounds/white.png</texture>
					<visible>Control.HasFocus(9901)</visible>
				</control>
				<control type="label">
					<height>60</height>
					<width>270</width>
					<align>center</align>
					<aligny>center</aligny>
					<font>button</font>
					<textcolor>white</textcolor>
					<info>ListItem.Label</info>
					<visible>Control.HasFocus(9901)</visible>
				</control>
				<control type="image">
					<height>60</height>
					<width>270</width>
					<texture colordiffuse="tertiary">backgrounds/white.png</texture>
					<visible>!Control.HasFocus(9901)</visible>
				</control>
				<control type="label">
					<height>60</height>
					<width>270</width>
					<align>center</align>
					<aligny>center</aligny>
					<font>button</font>
					<textcolor>text.primary</textcolor>
					<info>ListItem.Label</info>
					<visible>!Control.HasFocus(9901)</visible>
				</control>
			</focusedlayout>
			<content>
				<item id="1">
					<property name="id">$NUMBER[1]</property>
					<property name="mainmenuid">9</property>
					<label>Song Suche</label>
					<label2>Musik Add-On</label2>
					<icon>DefaultShortcut.png</icon>
					<thumb>image://%2fstorage%2femulated%2f0%2fAndroid%2fdata%2fde.voodoo.fork%2ffiles%2f.kodi%2faddons%2fplugin.audio.mp3streams%2fart%2fsearchsongs.jpg/</thumb>
					<property name="labelID">songsuche</property>
					<property name="defaultID" />
					<property name="translatedPath">ActivateWindow(Music,"plugin://plugin.audio.mp3streams/?url=url&amp;mode=24&amp;name=Search+Songs&amp;iconimage=%2Fstorage%2Femulated%2F0%2FAndroid%2Fdata%2Fde.voodoo.fork%2Ffiles%2F.kodi%2Faddons%2Fplugin.audio.mp3streams%2Fart%2Fsearchsongs.jpg&amp;list=search songs&lt;&gt;url&lt;&gt;/storage/emulated/0/Android/data/de.voodoo.fork/files/.kodi/addons/plugin.audio.mp3streams/art/searchsongs.jpg&amp;type=",return)</property>
					<onclick>ActivateWindow(Music,"plugin://plugin.audio.mp3streams/?url=url&amp;mode=24&amp;name=Search+Songs&amp;iconimage=%2Fstorage%2Femulated%2F0%2FAndroid%2Fdata%2Fde.voodoo.fork%2Ffiles%2F.kodi%2Faddons%2Fplugin.audio.mp3streams%2Fart%2Fsearchsongs.jpg&amp;list=search songs&lt;&gt;url&lt;&gt;/storage/emulated/0/Android/data/de.voodoo.fork/files/.kodi/addons/plugin.audio.mp3streams/art/searchsongs.jpg&amp;type=",return)</onclick>
					<property name="path">ActivateWindow(Music,"plugin://plugin.audio.mp3streams/?url=url&amp;mode=24&amp;name=Search+Songs&amp;iconimage=%2Fstorage%2Femulated%2F0%2FAndroid%2Fdata%2Fde.voodoo.fork%2Ffiles%2F.kodi%2Faddons%2Fplugin.audio.mp3streams%2Fart%2Fsearchsongs.jpg&amp;list=search songs&lt;&gt;url&lt;&gt;/storage/emulated/0/Android/data/de.voodoo.fork/files/.kodi/addons/plugin.audio.mp3streams/art/searchsongs.jpg&amp;type=",return)</property>
					<property name="list">plugin://plugin.audio.mp3streams/?url=url&amp;mode=24&amp;name=Search+Songs&amp;iconimage=%2Fstorage%2Femulated%2F0%2FAndroid%2Fdata%2Fde.voodoo.fork%2Ffiles%2F.kodi%2Faddons%2Fplugin.audio.mp3streams%2Fart%2Fsearchsongs.jpg&amp;list=search songs&lt;&gt;url&lt;&gt;/storage/emulated/0/Android/data/de.voodoo.fork/files/.kodi/addons/plugin.audio.mp3streams/art/searchsongs.jpg&amp;type=</property>
					<property name="group">plugin.audio.mp3streams</property>
					<property name="isSubmenu">True</property>
				</item>
				<item id="2">
					<property name="id">$NUMBER[2]</property>
					<property name="mainmenuid">9</property>
					<label>Charts</label>
					<label2>Musik Add-On</label2>
					<icon>DefaultShortcut.png</icon>
					<thumb>image://%2fstorage%2femulated%2f0%2fAndroid%2fdata%2fde.voodoo.fork%2ffiles%2f.kodi%2faddons%2fplugin.audio.CannaPower%2ficon.png/</thumb>
					<property name="labelID">plugin.audio.CannaPower</property>
					<property name="defaultID">plugin.audio.CannaPower</property>
					<property name="translatedPath">ActivateWindow(Music,"plugin://plugin.audio.CannaPower",return)</property>
					<onclick>ActivateWindow(Music,"plugin://plugin.audio.CannaPower",return)</onclick>
					<property name="path">ActivateWindow(Music,"plugin://plugin.audio.CannaPower",return)</property>
					<property name="list">plugin://plugin.audio.CannaPower</property>
					<property name="group">plugin.audio.mp3streams</property>
					<property name="isSubmenu">True</property>
				</item>
				<item id="3">
					<property name="id">$NUMBER[3]</property>
					<property name="mainmenuid">9</property>
					<label>Radio</label>
					<label2>Musik Add-On</label2>
					<icon>DefaultShortcut.png</icon>
					<thumb>image://%2fstorage%2femulated%2f0%2fAndroid%2fdata%2fde.voodoo.fork%2ffiles%2f.kodi%2faddons%2fplugin.audio.worldradio%2ficon.png/</thumb>
					<property name="labelID">plugin.audio.worldradio</property>
					<property name="defaultID">plugin.audio.worldradio</property>
					<property name="translatedPath">ActivateWindow(Music,"plugin://plugin.audio.worldradio",return)</property>
					<onclick>ActivateWindow(Music,"plugin://plugin.audio.worldradio",return)</onclick>
					<property name="path">ActivateWindow(Music,"plugin://plugin.audio.worldradio",return)</property>
					<property name="list">plugin://plugin.audio.worldradio</property>
					<property name="group">plugin.audio.mp3streams</property>
					<property name="isSubmenu">True</property>
				</item>
			</content>
		</control>
		<control type="group">
			<visible>String.IsEqual(Container(9000).ListItem.Property(submenuVisibility),plugin-audio-mp3streams)</visible>
			<animation delay="250" effect="slide" end="0,0" start="0,-97" time="200" tween="quadratic">Visible</animation>
			<animation easing="out" effect="slide" end="0,-97" start="0,0" time="200" tween="quadratic">Hidden</animation>
			<include>HomeSubMenuArrows</include>
		</control>
		<control id="9901" type="fixedlist">
			<visible>String.IsEqual(Container(9000).ListItem.Property(submenuVisibility),settings)</visible>
			<left>285</left>
			<top>107</top>
			<width>1350</width>
			<height>60</height>
			<onup>9000</onup>
			<ondown>9002</ondown>
			<itemgap>0</itemgap>
			<focusposition>2</focusposition>
			<movement>2</movement>
			<orientation>Horizontal</orientation>
			<animation easing="out" effect="slide" end="0,-97" start="0,0" time="200" tween="quadratic">Hidden</animation>
			<animation condition="String.IsEqual(Container(9901).NumItems,2) | String.IsEqual(Container(9901).NumItems,4)" effect="slide" end="-135,0" start="0,0" time="0">conditional</animation>
			<animation delay="250" effect="slide" end="0,0" start="0,-97" time="200" tween="quadratic">Visible</animation>
			<itemlayout height="60" width="270">
				<control type="image">
					<height>60</height>
					<width>270</width>
					<texture colordiffuse="tertiary">backgrounds/white.png</texture>
				</control>
				<control type="label">
					<height>60</height>
					<width>270</width>
					<align>center</align>
					<aligny>center</aligny>
					<font>button</font>
					<textcolor>text.primary</textcolor>
					<info>ListItem.Label</info>
				</control>
			</itemlayout>
			<focusedlayout height="60" width="270">
				<control type="image">
					<height>60</height>
					<width>270</width>
					<texture colordiffuse="$VAR[Colour.500]">backgrounds/white.png</texture>
					<visible>Control.HasFocus(9901)</visible>
				</control>
				<control type="label">
					<height>60</height>
					<width>270</width>
					<align>center</align>
					<aligny>center</aligny>
					<font>button</font>
					<textcolor>white</textcolor>
					<info>ListItem.Label</info>
					<visible>Control.HasFocus(9901)</visible>
				</control>
				<control type="image">
					<height>60</height>
					<width>270</width>
					<texture colordiffuse="tertiary">backgrounds/white.png</texture>
					<visible>!Control.HasFocus(9901)</visible>
				</control>
				<control type="label">
					<height>60</height>
					<width>270</width>
					<align>center</align>
					<aligny>center</aligny>
					<font>button</font>
					<textcolor>text.primary</textcolor>
					<info>ListItem.Label</info>
					<visible>!Control.HasFocus(9901)</visible>
				</control>
			</focusedlayout>
			<content>
				<item id="1">
					<property name="id">$NUMBER[1]</property>
					<property name="mainmenuid">10</property>
					<label>$LOCALIZE[7]</label>
					<label2>$ADDON[script.skinshortcuts 32034]</label2>
					<icon>DefaultFolder.png</icon>
					<thumb />
					<property name="labelID">7</property>
					<property name="defaultID">7</property>
					<onclick>ActivateWindow(FileManager)</onclick>
					<property name="path">ActivateWindow(FileManager)</property>
					<property name="list">FileManager</property>
					<property name="group">settings</property>
					<property name="isSubmenu">True</property>
				</item>
				<item id="2">
					<property name="id">$NUMBER[2]</property>
					<property name="mainmenuid">10</property>
					<label>$LOCALIZE[13200]</label>
					<label2>$ADDON[script.skinshortcuts 32034]</label2>
					<icon>DefaultShortcut.png</icon>
					<thumb />
					<property name="labelID">13200</property>
					<property name="defaultID">13200</property>
					<onclick>ActivateWindow(Profiles)</onclick>
					<property name="path">ActivateWindow(Profiles)</property>
					<property name="list">Profiles</property>
					<property name="group">settings</property>
					<property name="isSubmenu">True</property>
				</item>
				<item id="3">
					<property name="id">$NUMBER[3]</property>
					<property name="mainmenuid">10</property>
					<label>$LOCALIZE[10007]</label>
					<label2>$ADDON[script.skinshortcuts 32034]</label2>
					<icon>DefaultShortcut.png</icon>
					<thumb />
					<property name="labelID">10007</property>
					<property name="defaultID">10007</property>
					<onclick>ActivateWindow(SystemInfo)</onclick>
					<property name="path">ActivateWindow(SystemInfo)</property>
					<property name="list">SystemInfo</property>
					<property name="group">settings</property>
					<property name="isSubmenu">True</property>
				</item>
				<item id="4">
					<property name="id">$NUMBER[4]</property>
					<property name="mainmenuid">10</property>
					<label>$LOCALIZE[14111]</label>
					<label2>$ADDON[script.skinshortcuts 32034]</label2>
					<icon>DefaultShortcut.png</icon>
					<thumb />
					<property name="labelID">14111</property>
					<property name="defaultID">14111</property>
					<visible>system.getbool(eventlog.enabled)</visible>
					<onclick>ActivateWindow(EventLog,events://,return)</onclick>
					<property name="path">ActivateWindow(EventLog,events://,return)</property>
					<property name="list">events://</property>
					<property name="group">settings</property>
					<property name="isSubmenu">True</property>
				</item>
			</content>
		</control>
		<control type="group">
			<visible>String.IsEqual(Container(9000).ListItem.Property(submenuVisibility),settings)</visible>
			<animation delay="250" effect="slide" end="0,0" start="0,-97" time="200" tween="quadratic">Visible</animation>
			<animation easing="out" effect="slide" end="0,-97" start="0,0" time="200" tween="quadratic">Hidden</animation>
			<include>HomeSubMenuArrows</include>
		</control>
	</include>
</includes>
