<?xml version="1.0" encoding="UTF-8"?>
<window>
	<defaultcontrol always="true">9001</defaultcontrol>
	<controls>
		<!--all content-->
		<control type="group">
			<height>340</height>
			<centertop>50%</centertop>
			<animation effect="slide" start="0,915" end="0,0" time="300" tween="quadratic" easing="out">WindowOpen</animation>
			<animation effect="slide" start="0,0" end="0,-915" time="400" tween="quadratic" easing="out">WindowClose</animation>
			<!--title bars and backgrounds-->
			<include content="DynamicDialogBackground">
				<param name="dialog-height" value="340" />
				<param name="glow-height" value="420" />
				<param name="title-height" value="90" />
				<param name="buttonbar-visible" value="true" />
				<param name="buttonbar-top" value="270" />
			</include>
			<!--close button-->
			<control type="button">
				<description>Close Window button</description>
				<left>5</left>
				<width>50</width>
				<height>25</height>
				<label>-</label>
				<font>-</font>
				<onclick>PreviousMenu</onclick>
				<texturefocus>DialogCloseButton-focus.png</texturefocus>
				<texturenofocus>DialogCloseButton.png</texturenofocus>
				<onleft>10</onleft>
				<onright>10</onright>
				<onup>10</onup>
				<ondown>10</ondown>
				<visible>system.getbool(input.enablemouse)</visible>
			</control>
			<!--title-->
			<control type="label">
				<centerleft>50%</centerleft>
				<top>15</top>
				<width>1800</width>
				<height>60</height>
				<font>menu.title</font>
				<align>center</align>
				<aligny>center</aligny>
				<textcolor>white</textcolor>
				<label>$LOCALIZE[21421]</label>
			</control>
			<control type="label">
				<description>Rule match label</description>
				<centerleft>50%</centerleft>
				<top>85</top>
				<width>1800</width>
				<height>45</height>
				<align>center</align>
				<aligny>center</aligny>
				<font>label</font>
				<textcolor>orange</textcolor>
				<shadowcolor>black</shadowcolor>
				<label>21422</label>
			</control>
			<control type="group" id="9001">
				<centerleft>50%</centerleft>
				<width>1100</width>
				<control type="button" id="15">
					<description>Rule Field</description>
					<top>130</top>
					<width>550</width>
					<height>60</height>
					<font>-</font>
					<texturenofocus border="5" colordiffuse="text.primary">button-nofocus.png</texturenofocus>
					<onright>16</onright>
					<onleft>16</onleft>
					<onup>9000</onup>
					<ondown>17</ondown>
				</control>

				<control type="label">
					<description>Rule Field label</description>
					<left>10</left>
					<top>130</top>
					<width>530</width>
					<height>60</height>
				<!--	<label>$INFO[Control.GetLabel(15)]</label>  --> 
					<textcolor>white</textcolor>
					<align>left</align>
					<aligny>center</aligny>
					<visible>Control.HasFocus(15)</visible>
				</control>
				<control type="button" id="16">
					<description>Rule operator</description>
					<right>0</right>
					<top>130</top>
					<width>548</width>
					<height>60</height>
					<font>-</font>
					<texturenofocus border="5" colordiffuse="text.primary">button-nofocus.png</texturenofocus>
					<onright>15</onright>
					<onleft>15</onleft>
					<onup>9000</onup>
					<ondown>20</ondown>
				</control>

				<control type="label">
					<description>Rule Field label</description>
					<right>10</right>
					<top>130</top>
					<width>528</width>
					<height>60</height>
				<!--	<label>$INFO[Control.GetLabel(16)]</label> -->
					<textcolor>white</textcolor>
					<align>left</align>
					<aligny>center</aligny>
					<visible>Control.HasFocus(16)</visible>
				</control>
				<control type="edit" id="17">
				<description>Value Button</description>
					<top>200</top>
					<width>848</width>
					<height>60</height>
					<aligny>center</aligny>
					<label>-</label>
					<texturenofocus border="5" colordiffuse="text.primary">button-nofocus.png</texturenofocus>
					<onup>15</onup>
					<onleft>20</onleft>
					<onright>20</onright>
					<ondown>9000</ondown>
				</control>
				<control type="group">
					<left>854</left>
					<top>199</top>
					<!--browse button-->
					<include content="AnimatedCircleButtonGroup">
						<param name="button-id" value="20" />
						<param name="button-width" value="180" />
						<param name="button-texture" value="browsebutton" />
						<param name="button-label" value="1024" />
						<param name="button-onup" value="16" />
						<param name="button-ondown" value="9000" />
						<param name="button-onleft" value="17" />
						<param name="button-onright" value="17" />
					</include>
				</control>
			</control>
			<!--bottom buttons-->
			<control type="grouplist" id="9000">
				<centerleft>50%</centerleft>
				<top>65r</top>
				<width>1000</width>
				<height>60</height>
				<align>justify</align>
				<orientation>horizontal</orientation>
				<onleft>9000</onleft>
				<onright>9000</onright>
				<onup>17</onup>
				<ondown>9001</ondown>
				<!--ok button-->
				<include content="AnimatedCircleButtonGroup">
					<param name="button-id" value="18" />
					<param name="button-width" value="130" />
					<param name="button-texture" value="yesbutton" />
					<param name="button-label" value="186" />
					<param name="button-onup" value="17" />
					<param name="button-ondown" value="9001" />
					<param name="button-onleft" value="19" />
					<param name="button-onright" value="19" />
				</include>
				<!--cancel button-->
				<include content="AnimatedCircleButtonGroup">
					<param name="button-id" value="19" />
					<param name="button-width" value="180" />
					<param name="button-texture" value="nobutton" />
					<param name="button-label" value="222" />
					<param name="button-onup" value="17" />
					<param name="button-ondown" value="9001" />
					<param name="button-onleft" value="18" />
					<param name="button-onright" value="18" />
				</include>
			</control>
		</control>
	</controls>
</window>