<?xml version="1.0" encoding="UTF-8"?>
<addon id="plugin.video.vavoo"
version="19.6"
name=" [COLORwhite]Vavoo Live[/COLOR]"
provider-name="Vavoo">
<requires>
  <import addon="xbmc.python" version="3.0.0"/>
  <import addon="script.module.requests" version="2.22.0"/>
</requires>
<extension point="xbmc.python.pluginsource" library="addon.py">
  <provides>video</provides>
</extension>
<extension point="xbmc.addon.metadata">

  <assets>
	<icon>icon.png</icon>
	<fanart>fanart.jpg</fanart>
  </assets>
</extension>
</addon>
